EXAMPLE (KO),EXAMPLE (EN),EXAMPLE (JA)
3번이 맞다.,The correct answer is number 3.,3番が合ってる。
경찰이 그 사건을 조사하고 있어요.,The police are investigating the incident.,警察がその事件を調査しています。
오늘은 테니스 칠 힘이 없어.,I don't have the energy to play tennis today.,今日はテニスやる力がない。
그 사람은 항상 자기 얘기만 한다.,She always talks only about herself.,その人はいつも自分の話ばかりする。
우리나라에서는 태어나면 바로 한 살이에요. ,"In my country, we are regarded as being one year old as soon as we're born.",我が国では生まれれば既に一歳です。 
배에서 배를 먹었더니 배가 아파요.,I developed a stomachache after I ate the pear in the ship.,船で梨を食べたらお腹が痛くなりました。
이 시간이 모두 함께 모일 수 있는 좋은 기회야.,This time is a good chance to get all together.,この時間が皆一緒に集まることができる良い機会だ。
사용한 후에 물건들을 돌려줘.,Give the stuff back after using it.,使った後物を返して。
"와, 공부할 게 많네요.",Wow! There's a lot to study.,"わ, 勉強する事が多いですね。"
하늘에 저 작은 빛은 뭐지?,What's that little light in the sky?,空にあるあの小さな光は何なの?
혜안이 전화했었다고 전해 주세요.,Please tell him Hyean called.,ヘアンが電話したと伝えてください。
디지털 카메라에는 필름이 필요 없어요.,You don't need film with a digital camera.,デジタルカメラにはフィルムがいらないよ。
한국은 여름에 굉장히 더워요.,Korea is very hot in the summer.,韓国は夏にとても暑いです。
배고파서 죽겠어요.,I am so hungry. I can eat a horse.,お腹がすいてたまらないです。
니 신발 젖었네. 내 신발 신어.,"Your shoes are wet, put on my shoes.",お前の靴は濡れている。 私の靴をはけ。
10분 후에 다시 전화할게.,I'll call you back ten minutes later.,10分の後にまた電話するからね
우리 집은 서울 중심에 있다.,My house is located in the center of Seoul.,我家はソウルの中心にある。
이번 달에는 언제 보름달을 볼 수 있어요?,When can we see a full moon this month?,今月にはいつ満月を見られますか?
아빠는 언제 돌아와?,When is Dad coming back?,パパはいつ帰って来る?
불 껐니?,Did you put out the fire? (or Did you switch off the light?),火消したの? (or 電気消したの?)
물 반 컵을 넣고 섞으세요.,Mix in half a cup of water.,水半カップを入れて交ぜてください。
내가 제일 좋아하는 가수는 조용필이다.,My favorite singer is Yongpil Jo.,私が一番好きな歌手は趙容弼だ。
부끄러워하지 마. 그냥 자연스럽게 행동해.,Don't be shy. Just act natural.,恥ずかしがるな。 ただ自然に行動しろ。
나도 정말 배가 고파.,"I'm really hungry, too.",私も本当にお腹がすいている。
그녀는 차 사고로 부모님을 잃었다.,She lost her parents in a car accident.,彼女は車の事故でご両親を失った。
요즘은 거의 모든 가정에 인터넷이 연결되어 있어요. ,Almost every home is hooked up to the internet now.,この頃はほとんどの家庭にインターネットが繋がれています。 
"에어컨을 켰으니, 시원해질 거야.","With the air conditioner on, it is going to be cool.","エアコンをつけたから, 凉しくなるだろう。"
쇼핑하러 백화점 가자.,Let's go shopping at the department store.,ショッピングしにデパート行こう。
회사를 그만둔다고요?,You're quitting the company?,会社をやめるんだって?
나는 허리가 길고 다리가 짧다.,I have a long torso and short legs.,私は腰が長くて足が短い。
한글은 자음 14개로 되어 있어요. ,Hangeul has fourteen consonants and ten vowels.,"ハングルは子音14個, 母音10個で成り立っています。 "
언니가 있었으면 좋았을 텐데.,I wish I had an older sister.,お姉さんがいたら良かったでしょうに。
이번엔 제대로 좀 해 보자. ,Let's get it right this time.,今度はまともにやろう。 
우리 반은 남학생보다 여학생이 많아. ,My class has more female students than male students.,うちのクラスは男子学生より女学生が多い。 
커피를 마시면 밤에 잠이 안 와요.,I can't sleep at night if I drink coffee.,コーヒーを飲むと夜眠れません。
나는 노래를 잘 못해요.,I am poor at singing.,私は歌が下手です。
이 옷 나한테 맞을까? ,Do you think these clothes will fit me?,この服私に合うかな? 
그 음주 운전자는 결국 사고를 냈다.,The drunk driver finally got a car accident.,その飲酒運転手は結局事故を起こした。
캐나다의 수도가 어디죠?,What's the capital of Canada?,カナダの首都はどこですか?
의자가 열 개밖에 없어요.,There are only ten chairs.,椅子が十個しかないです。
가방 속은 봤어?,Have you looked inside your bag?,かばんの中は見た？
길 건너자.,Let's cross the street.,道を渡ろう。
저 노래를 들으니 옛날 생각이 나.,That song reminds me of the old days.,あの歌を聞くと昔を思い出す。
사과 좀 깎아 줘.,Please peel me an apple.,りんごをちょっと剥いて。
나머지 세 강의는 각각 한 시간씩이야. ,The other three classes are one hour each.,殘った三講義は各々一時間ずつだ。 
"나한테 묻지 마, 그냥 대답해.","Don't ask me, just answer.","私にきかないで, ただ答えろ。"
거의 끝나갑니다. ,It's almost finished.,ほとんど終わりました。 
나는 물 없이는 살아도 음악 없이는 못 살아.,"I can live without water, but I can't live without music.",私は水なしには暮しても音楽なしには暮す事ができなく。
내 새해 계획은 운전을 배우는 거예요.,My new year's resolution is to learn how to drive.,私の新年計画は運転を習う事です。
이거 어떻게 그렸어?,How did you draw this?,これどうやって描いたの?
"15세에, 그는 대학에 들어갔다.","At the age of 15, he entered university.","15歳で, 彼は大学に入った。"
이 거리에는 차가 많다.,There are many cars in this street.,この通りには車が多い。
이 오렌지 신선한 건가요? ,Are these oranges fresh?,このオレンジ新鮮なんですか? 
나는 와인 한 병을 다 마신 후 운전을 했다.,I drank a whole bottle of wine and drove.,私はワイン一本を飲み干した後運転をした。
먹을 게 하나도 안 남았어.,There's no food left over.,食べ物が一つも残らなかった。
언제 만날까?,When would you like to meet?,いつ会おうか?
걱정 말고 좀 쉬어.,Stop worrying and take a break.,心配せずにちょっと休んで。
"시간 안에 갚을게, 물론, 현금으로.","I'll pay you back in time, of course, it'll be in cash.","時間内に返す, 勿論, 現金で。"
"어떤 경우에, 저는 성급하게 결론을 내립니다.","In some cases, I tend to jump to conclusions.","場合によっては, 私は性急に結論を下します。"
어떤 음식을 즐겨 먹어요? ,What kind of food do you enjoy?,どんな料理を好んで食べますか? 
부모님은 내가 의사가 되길 바라셨죠.,My parents wanted me to become a doctor.,両親は私に医者になってほしかったんです。
그렇습니다.,"Yes, it is.",そうです。
절대로 다시 그 일을 하지 않을 거야.,I'll never do that again.,絶対に又とはその仕事をしないつもりだ。
과천에 있는 국립박물관 가 봤어?,Have you been to the national museum in Kwacheon?,果川にある国立博物館行って見たの?
한 시간 뒤에 꽃에 물을 줘라.,Water the flowers in an hour.,一時間後に花に水を与えなさい。
여기에 도장을 찍으세요.,Stamp your seal here.,ここにはんこを押してください。
예전 대통령들 중에서 제일 좋아하는 사람은 누구야?,Who was your favorite past president?,元大統領たちの中で一番好きな人は誰か?
다른 넥타이를 매는 게 어때?,How about wearing another necktie?,他のネクタイをするのはどう?
15분 안에 도착할 거예요.,I will be there within 15 minutes.,15分以内に到着するんです。
다리를 꼬고 저기에 앉아 있는 사람이 누구예요?,Who is the girl sitting with her legs crossed over there?,足を組んであそこに座っている人は誰ですか?
여러 나라를 여행하고 싶어. ,I'd like to travel to many countries.,多くの国を旅行したい。 
저쪽 구석에 놓으세요. ,Put it down in that corner over there.,あちらのすみにおいてください。 
볼펜 있어?,Do you have a ballpoint pen?,ボールペンある?
가능하다면 내일 오세요.,"Come tomorrow, if possible.",できれば明日来てください。
컵에 립스틱 자국이 남아 있었다.,There was a smudge of lipstick on the cup.,コップに口紅の跡が残っていた 
저는 부모님과 사이가 좋아요.,I have a good relationship with my parents.,私は両親と仲が良いです。
운동장에서 뛰고 있는 저 여자 애 말이야?,You mean the girl running on the playground?,運動場で走っているあの女の子?
스스로 해결책을 찾아봐라.,Figure out the solution by yourself.,自ら解決策を捜してみなさい。
물이 이렇게 깊은 줄 몰랐어요.,I didn't know that the water was so deep.,水がこんなに深いとは思わなかったです。
좀 더 천천히 말씀해 주세요.,"Speak a little more slowly, please.",もうちょっとゆっくりおっしゃってください。
여기서 멀지 않아.,It's not far from here.,ここから遠くない。
결혼하고 나서 자유를 잃었다고 생각하세요?,Do you feel you lost your freedom after getting married?,結婚してから自由を失ったと思いますか?
대학 졸업하고 뭐 할 거야?,What do you plan to do after you graduate from university?,大学卒業して何をするつもり?
건강한 신체에 건전한 정신,A sound mind in a sound body,健康な身体に健全な精神
수업 중에 떠들지 마라.,Don't chat during class.,授業中に騷ぐな。
이 생선 엄청 짜네.,This fish tastes pretty salty.,この魚すごく塩辛いのね。
그렇게 큰 문제가 발생했는지 누구도 몰랐다.,No one knew such a big problem would occur.,そんなに大きい問題が発生した事を誰も分からなかった。
"같이 갈래? - 어, 그래.","Why not come along? - Oh, OK.","一緒に行く? - うん, そうだね。 "
한 그릇에 5천 원입니다.,"This costs 5,000 won per bowl.",一杯に五千ウォンです。
이 목걸이가 널 보호해 줄 거야.,This necklace will protect you.,このネックレスが君を保護してくれるだろう。
여기 잠깐 계세요.,Stay here for a moment.,ここでちょっとお待ちください。
커피에 설탕 넣니?,Do you take sugar in your coffee?,コーヒーに砂糖入れるの?
그녀는 가정적인 남자를 찾고 있다.,She is looking for a family man.,彼女は家庭的な男を探している。
왜 그렇게 빨리 걷는 거야? ,Why are you walking so fast?,どうしてそのように早く歩くのか? 
거 참 이상하네.,That's really strange.,まったく変だね。
더 이상은 안 돼. 최대한 빨리 가고 있다고.,I can't hurry up. I'm going as fast as I can.,これ以上は無理だ。 最高に速く行っているんだ。
이 편지를 우체통에 넣어야 하거든요. ,I have to put this letter in a mailbox.,この手紙をポストに入れなければならないんですよ。 
우리는 공통점이 많다.,We have much in common.,私たちは共通点が多い。
그 일을 마치는 데 시간이 많이 들었어요.,It took me a lot of time to finish the work.,その事を終えるのに時間がたくさんかかったんです。
실례지만 제가 창문 쪽 자리인 것 같은데요. ,"Excuse me, but I think I have the window seat.",失礼ですが私が窓側の席のようですよ。 
언제나 네가 원하는 것을 얻을 수는 없다.,You can't always get what you want.,いつも君が願うことを得ることはできない。
이제 햄버거 지겨워!,Now I'm sick of hamburgers.,もうハンバーガーは飽き飽きした!
혜안의 눈은 정말 커다랗다.,Hyean's eyes are really big.,ヘアンの目は本当に大きい。
저희 은행에 계좌를 갖고 계신가요? ,Do you have an account with our bank?,当銀行に口座を持っていらっしゃるんでしょうか? 
나랑 결혼해 줄래?,Will you marry me?,私と結婚してくれるか?
제가 한번 해 볼게요.,Let me have a try.,私が一度やって見ますよ。
포도가 너무 시어.,The grapes are too sour.,ぶどうがとても酸っぱい。
맛이 어때?,How's the taste?,味どう?
내가 이 일을 맡을게.,I'll take care of this job.,私がこの事を引き受ける。
이 근처에 버스 정류장이 있습니까? ,Is there a bus stop near here?,この近くにバス停がありますか? 
너 벌써 술 많이 마신 것 같은데.,I think you have had enough alcohol.,お前既に酒たくさん飲んだようだが。
우리 엄마는 혼자서 두 아이를 길렀다.,My mom raised two children by herself.,うちの母は一人で二人の子供を育てた。
나 오늘 방학 숙제를 해야 해 .,I have to do this vacation homework today.,私今日休みの宿題をしなければならない 。
그 사람은 교통사고를 당해서 목에 깁스를 했다.,He was involved in a car accident and now his neck is in a cast.,その人は交通事故にあって首にギプスをした。
나는 구두 공장에서 일했어.,I worked in a shoe factory.,私は靴工場で働いたの。
잠시 생각 좀 할게요.,Let me think for a while.,少し考えさせて下さい。
몇 분이세요? - 세 사람이요.,How many in your party? - Three.,何名様ですか?- 三人です。
식사하고 30분 후에 이 약을 드세요.,Take this pill 30 minutes after meals.,食事して 30分後にこの薬を召し上がってください。
왜 얼굴이 갑자기 빨개지니?,Why is your face suddenly turning red?,どうして顔が急に赤くなるの?
담배를 계속 피우면 젊은 나이에 죽을지도 몰라.,Keep smoking and you'll probably die young.,タバコをずっと吸えば若い年で死ぬかも知れない。
그 사람 전화는 왜 항상 통화중이야?,Why is her line always busy?,その人の電話はどうしていつも通話中なの?
나는 집에 오자마자 손을 씻었다.,"As soon as I came home, I washed my hands.",私は家へ来るやいなや手を洗った。
"아차, 깜박 잊어버렸어. ","Oh, I completely forgot.","しまった, うっかり忘れてた。 "
제 이메일 주소를 알려 드릴게요. ,I'll give you my e-mail address.,私のメールアドレスをお教えします。 
"아, 이런!","Ah, no!","あ, こんなことって!"
갑자기 날씨가 추워지고 있어.,It's getting cold suddenly.,急に気候が寒くなってきた。
안으로 들어오세요.,Please come in. ,中にお入りなさい。
스키 여행은 눈 때문에 취소되었다.,Our ski trip has been canceled because of the snow.,スキー旅行は雪のため取り消しされた。
뒤에서는 그가 누구인지 알 수 없었다.,From the back I couldn't tell who he was.,後からでは彼が誰なのか分からなかった。
지도를 보면서 알려드릴게요.,I'll show you on the map.,地図を見ながらお教えしましょう。
아이들이 놀이터에 모였다.,The children gathered on the playground.,子供達が遊び場に集まった。
선생님은 결과보다 과정을 강조하셨어.,My teacher emphasized process over results.,先生は結果より過程を強調された。
아이들이 팽이를 돌리면서 놀고 있다.,Children are playing by spinning a top.,子供達がこまを回しながら遊んでいる。
그거 끝나면 나한테 알려 줘.,Let me know when you finish it.,それ終わったら私に知らせてくれ。
내 자동차 열쇠를 잃어버렸어. ,I've lost my car keys.,私の自動車の鍵を失くしてしまったの。 
구두 닦아주세요.,Please shine my shoes.,靴を磨いてください。
그 뮤지컬 공연은 훌륭했다.,The musical performance was excellent.,そのミュージカル公演は立派だった。
"아빠, 저 이 카메라 사 주세요.","Dad, please buy me this camera.","パパ, 僕にこのカメラ買ってください。"
낯선 사람이 우리 동네를 돌아다니고 있었다.,A stranger was wandering through our village.,見知らぬ人が私たちの町内を歩き回っていた。
니가 원한다면 그거 할게.,I'll do it if you want.,お前が望むならそれやるよ。
이 노란색 모자는 너와 잘 어울린다.,This yellow hat suits you well.,この黄色い帽子はお前によく似合う。
나는 일 년에 두 번 해외에 간다.,I go abroad twice a year.,私は一年に二度海外へ行く。
이 빨래는 몇 번 헹궈야 하죠? ,How many times should I rinse this laundry?,この洗濯は何回濯がなければならないでしょう? 
내가 특별히 준비할 거 있어?,Is there anything special that I should prepare?,私が特別に準備することある?
나는 감기에 걸리면 코로 숨을 못 쉰다.,I can't breath through my nose when I catch a cold.,私は風邪をひくと鼻で息をする事ができない。
늦어서 죄송합니다.,Sorry I'm late.,遅れて申し訳ありません。
저는 하루에 두 번 샤워를 해요.,I take a shower twice a day.,私は一日に二度シャワーをします。
어렸을 때는 목욕탕에 잘 다녔다.,"When I was young, I used to go to a public bath.",幼い頃は風呂場によく通った。
기름 가격이 또 올랐네.,The price of gasoline has gone up again.,油の価格がまた上がったな。
누군가 내 이름을 부르는 소리를 들었다.,I heard someone calling my name.,誰かが私の名前を呼ぶ声がした。
아버지는 아침 일찍 서울로 가셨다.,My father went to Seoul early in the morning.,お父さんは朝早くソウルに行かれた。
겨울에 친구들이랑 바다에 가고 싶어요.,I would like to go to the sea with my friends in the winter.,冬に友達と海へ行きたいです。
아기가 자꾸 울어서 데리고 나왔어요. ,"My baby kept crying, so I took her out.",赤ちゃんがしきりに泣くので連れて出たんです。 
체스에서 컴퓨터가 인간을 이겼어요. ,The computer defeated the human in the chess.,チェスでコンピューターが人間に勝ったんです。 
냉장고에 계란이 몇 개 있어요? ,How many eggs are there in the refrigerator?,冷蔵庫に卵がいくつありますか? 
왜 그랬니?,Why did you do that?,どうしてそうしたの?
내 아내는 내가 꿈꾸던 바로 그 사람이다.,My wife is the one I've dreamed of all my life.,私の妻は私が夢見たまさにその人だ。
제 소개를 하겠습니다.,Let me introduce myself.,私の紹介をします。
누구세요?,Who are you?,どなたですか?
우리 집의 창문은 동쪽으로 향해 있다.,The window of our house faces east.,我家の窓は東方を向いている。
매우 추워요.,It's very cold.,非常に寒いです。
비누는 피부를 건조하게 만들어요.,Soap makes my skin dry.,せっけんは肌を乾燥させます。
모두 다 왔을 때 파티는 거의 다 끝나 있었다.,The party was almost finished when we all arrived.,皆が来た時パーティーはほとんど終わりに近かった。
의사에게 진찰받아 봤니?,Have you been to the doctor?,医者に診察受けて見たの?
함께 일하게 되어서 기뻐요. ,I'm glad that we'll be working together.,一緒に働けて嬉しいです。 
저 사람 좀 보세요.,Look at that man over there.,ちょっとあの人見てください。
신용카드가 때로는 교통카드 기능을 한다.,Sometimes credit cards can also function as a travel pass card.,クレジットカードが時には交通カードの機能をする。
거울 좀 그만 봐라.,Stop looking in the mirror.,鏡見るのそれ位になさい。
채소에 소금을 뿌려라.,Sprinkle salt on the vegetables.,野菜に塩を振り掛けなさい。
"좋아, 하지만 이번 한 번만이야. ","All right, but just this once.","よし, しかし今度一度だけだ。 "
우리 집은 학교에서 가깝다.,My house is near my school.,我家は学校から近い。
길에서 그 사람과 내 눈이 마주쳤어.,His eyes met mine on the street.,道でその人と私の目があったの。
확실해? 마지막 순간에 마음 바꾸면 안 돼! ,Are you sure? Don't change your mind at the last moment.,本当に? 最後の瞬間に気変わりするのなしよ! 
경찰에 전화는 했어?,Did you call the police?,警察に電話はしたの?
스트레스를 줄이려면 마사지를 받아라.,Get a massage to reduce your stress.,ストレスを減らそうとするならマッサージを受けなさい。
혼자 여행하고 있어요.,I'm traveling alone.,一人で旅行しています。
여동생이 축구하는 걸 보고 있어.,I'm watching my sister play soccer.,妹がサッカーをするのを見ている。
부모님께 용돈은 드리세요?,Do you give pocket money to your parents?,ご両親に小遣いは差し上げますか?
내 손을 잡아요.,Hold my hand.,私の手を握ってください。
하려고 했는데 못 했어요. ,"I was going to do it, but I couldn't.",しようと思ったのですができませんでした。 
한국에서는 빨간색이 죽음을 의미해.,"In Korea, red means death.",韓国では赤色が死を意味する。
저는 피부가 건조한 편이에요.,My skin is rather dry.,私は肌が乾燥している方です。
달력을 한 장 넘겼다.,I turned the page of the calendar.,カレンダーを一枚めくった。
이 노래 지난달에 나왔어.,This song was released last month.,この歌先月に出たの。
한국에 온 지 얼마나 됐어요?,How long have you been in Korea?,韓国へ来てからどのくらいたちますか?
밥 좀 더 드실래요?,How about some more rice?,ご飯もう少し召し上がりますか?
자동차에 또 문제가 있어요?,Do you have problems with your car again?,自動車にまた問題がありますか?
혜안은 완벽한 남편을 원한다.,Hyean wants a perfect husband.,へアンは完璧な夫を望む。
이 기계 고장 난 것 같아.,This machine seems to be broken.,この機械故障したようなの。
너희 오빠는 안경을 쓰니? ,Does your brother wear glasses?,君のお兄さんはめがねをかけてるの? 
하루에 담배를 얼마나 피우세요?,How many cigarettes do you smoke a day?,一日にタバコをどれ位吸われますか?
어느 부분이 제일 아프세요?,Which part hurts the most?,どの部分が一番痛いですか?
무슨 일이 있었는지 설명해 주시겠어요?,Can you explain what happened?,何があったのか説明してくださいませんか?
올 여름에는 부산을 여행하기로 했다.,I decided to travel to Busan this summer.,今年の夏には釜山を旅行する事にした。
껌이 머리에 붙었어.,I have gum stuck in my hair.,ガムが髪に付いた。
나는 비빔밥이 별로야.,I don't like bibimbap very much.,私はビビンパがあまり好きではない。
그거 어때? - 나쁘지 않네.,How's that? - Not bad.,それどう? - 悪くないね。
그분이 너를 아니?,Does he know you?,その方がお前を知っているのか?
"우유, 버터 그리고 잼이 필요해.","We need milk, butter and jam.","牛乳, バターそしてジャムが必要なの。"
요즘 몸은 좀 어때?,How do you feel these days?,このごろ身体の方はどう?
할 줄 아는 외국어가 있으세요?,Can you speak any foreign languages?,できる外国語がありますか?
너무 비싸지 않아?  더 싼 걸 찾아봐.,Isn't it too expensive? Look for something cheaper.,高過ぎない?  もっと安いのを捜してみて。
시내에서 엄마랑 점심 먹을 거야.,I'm going to meet my mom for lunch downtown.,市内でママとお昼食べるつもりだ。
나는 여름이 좋아. 여름에는 수영을 할 수 있으니까.,I love summer because I can go swimming.,私は夏が好き。 夏には水泳ができるから。
이 도시는 살기 좋은 곳이다.,This city is a good place to live.,この都市は住みやすい所だ。
거기에서 보자.,See you there.,そこで会おう。
잠자기 전에 이를 닦아라.,Brush your teeth before sleeping.,眠る前に歯を磨きなさい。
점심시간은 한 시간이다.,We have an hour-long lunch break.,昼休みは一時間だ。
오늘 안으로 일을 다 끝내야 해.,We have to finish all the work today.,今日中に仕事を全て終えなけねばならない。
"오랜 대화 끝에, 그들은 헤어지기로 결정했다.","After a long talk, they decided to break up.","長年の対話の末, 彼らは別れることに決めた。"
우리 엄마는 중학교 미술 선생님이야.,My mom teaches art at a junior high school.,うちのママは中学校の美術の先生だ。
일만 하지 말고 좀 놀아라.,Stop working sometimes and have fun.,仕事ばかりしないでちょっと遊べ。
기숙사 생활은 어때?,How's life in your dormitory?,寮生活はどう?
책을 도서관에 반납하세요.,You should return those books to the library.,本を図書館に返してください。
이 바닐라 아이스크림은 내가 가장 좋아하는 맛이다.,Vanilla is my favorite ice cream flavor.,このバニラアイスクリームは私が一番好きな味だ。
치약을 중간부터 짜지 마라.,Don't squeeze the toothpaste in the middle.,歯磨き粉を真ん中から絞らないで。
학교에 또 늦은 거야?,Were you late for school again?,学校にまた遅れたのか?
나 너무 불안해서 참을 수가 없어. ,I am so nervous I barely stand it.,私とても不安で堪えることができない。 
문 잠그세요.,Lock the door.,ドアにカギをかけてください。
창문 좀 닫아라.,Close the window.,窓ちょっと閉めなさい。
할머니가 어젯밤 돌아가셨어요.,My grandmother passed away last night.,お婆さんが昨晩お亡くなりになったんです。
모자를 벗는 게 어때? ,Why don't you take off your hat?,帽子を脱いだらどう? 
나는 도시에서 운전하는 걸 좋아하지 않는다.,I don't like driving in the city.,私は都市で運転するのが好きではない。
어느 나라에 가고 싶어?,which country do you want to visit?,どの国へ行きたい?
먼저 가.,Go first.,先に行け。
열어 봐. 깜짝 선물이야. ,Open it up. It's a surprise gift.,開けてみろ。 びっくりプレゼントだ。 
우선 동생한데 물어봐야 해요.,I have to ask my brother(sister) first.,まず弟(妹)に訊いて見なければなりません。
내년에 발레 배우러 러시아에 갈 거야.,I am going to Russia to learn ballet next year.,来年バレーを学びにロシアへ行くつもりだ。
비를 맞으며 걸었더니 감기에 걸린 것 같아.,I think I caught a cold because I walked in the rain.,雨に打たれながら歩いたら風邪をひいたみたい。
조심해서 운전해라.,Drive carefully.,気を付けて運転しなさい。
언제 오세요?,When are you coming?,いついらっしゃいますか?
정말 미안해.,I'm so sorry.,本当にごめんね。
한복은 보통 언제 입어요?,When do you usually wear a hanbok?,韓服は普通いつ着ますか?
니 점수는 너무 낮아.,Your grades are too low.,お前の点数はとても低い。
도와주세요!,Please help me!,手伝ってください!
아직 결정하지 못했어요.,I haven't decided yet.,まだ決めてません。
엄마가 나한테 그림책을 사 주셨어.,My mom bought me a picture book.,ママが私に絵本を買ってくれたの。
그 가게는 열 시에 문을 연다.,The store opens at 10 A.M.,その店は十時に開く。
아이들은 운동장에서 놀고 있을 거야.,Kids probably play at the playground.,子供達は運動場で遊んでいるだろう。
그 호텔은 최고의 서비스로 알려져 있다.,The hotel is known for the best services.,そのホテルは最高のサービスで知られている。
한 달에 500달러요.,Five hundred dollars a month.,一月に五百ドルです。
눈이 녹아서 길이 굉장히 미끄러워졌어.,"As the snow melted, the roads became very slippery.",雪がとけて道がとても滑りやすくなった。
"믿기 싫으면, 나 믿지 마.",Don't believe me if you don't want to.,"信じたくなければ, 私を信じるな。"
너는 아무리 먹어도 살이 안 찌는구나.,"No matter how much you eat, you never gain a pound.",お前はいくら食べても太らないんだな。
핸드폰으로 인터넷 검색을 할 수 있어요.,You can do internet searches by cellphone.,携帯電話でインターネット検索ができます。
우리가 얼마나 걸어온 거죠? ,How far have we come on foot?,私たちはどれぐらい歩いてきたのでしょうか? 
어제 학교 갔었니? - 네.,Did you go to school yesterday? - Yes.,昨日学校行ったの? - はい。
흰색이 니 까만 피부랑 잘 어울려.,White goes with your dark skin tones.,白がお前の黒い肌によく似合う。
조심해서 배에서 내리십시오.,Please get off the ship carefully.,気を付けて船から降りてください。
이쪽으로 오세요.,Come this way.,こちらにどうぞ。
"좀 더 줄까? - 아니, 배불러.","Do you want some more? - No, I'm full.","もうちょっと食べる? - いや, 満腹なの。"
나는 고등학교 때 제2외국어로 일본어를 배웠다.,I learned Japanese as a second foreign language in high school.,私は高校の時第2外国語で日本語を学んだ。
대단한 뉴스라는 게 뭐야?,What's the big news?,すごいニュースって何?
안녕하세요? ,Hello? ,こんにちは。
그 사람은 영어를 아주 잘해.,He speaks English very well.,その人は英語がとてもお上手なの。
외국에서 태어났으면 좋았을 텐데.,I wish I had been born in a foreign country.,外国で生まれたら良かったでしょうに。
무슨 일이야? - 어제 점을 뺐어.,What happened to you? - I had a mole removed from my face yesterday. ,どうしたの? - 昨日ほくろを取ったの。
그 도시는 지난 20년 동안 빠르게 발달했다.,The city has developed rapidly over the past 20 years.,その都市は去る20年間急速に発達した。
현재 어떤 일을 하고 계세요? ,What do you do for a living now?,現在どんな仕事をしていらっしゃいますか? 
그 사람들 손을 잡고 걷고 있었어. 사귀는 게 분명해.,They are walking hand in hand. I'm sure they are dating.,彼ら手をつないで歩いていたの。 きっと付き合ってるのだ。
이거 얼마예요?,How much is this?,これいくらですか?
오늘 '누가 내 치즈를 옮겼을까?'라는 책을 읽었다.,"I read the book Who moved my cheese?"" today.""",今日 '誰が私のチーズを動かしたの？'という本を読んだ。
다음 주제로 넘어가는 건 어때요?,How about going on to the next topic?,次の主題に移るのはどうです?
영화 보러 자주 가세요? ,Do you often go to the movies?,映画見によく行かれますか? 
제1차 세계 대전,The First World War,第一次世界大戦
그의 모습은 어둠 속으로 사라졌다.,His figure disappeared into the darkness.,彼の姿は闇の中に消えた。
개를 기르고 싶어요.,I'd like to raise a dog.,犬を飼いたいです。
나는 결코 법을 어긴 적이 없다.,I've never broken the law.,私は決して法を破ったことがない。
이 단어는 두 가지 발음이 있어요.,There are two pronunciations of this word.,この単語は二つの発音があります。
나는 니가 실수로 물에 빠질까봐 걱정돼.,I'm worried that you'll fall in the water by accident.,私はお前が誤ってで水におぼれるのではないか心配になる。
무서운 영화 봤어요? 하나도 안 무서웠어요.,"Have you seen Scary Movie""? I was not scared at all.""""ave you seen ""Scary Movie""? I was not """"ve you seen ""Scary Movie""""e you seen """,恐ろしい映画 見ましたか? 全然怖くありませんでした。
나는 부모님으로부터 많은 재산을 물려받았다.,I inherited a huge property from my parents.,私はご両親から多くの財産を受け継いだ。
입에 음식을 넣고 말하지 마라.,Don't talk with your mouth full.,口に食べ物を入れたまま物を言うな。
어렵고 위험할 것 같은데.,That sounds difficult and dangerous.,難しくて危なそう。
문제를 일으킬 생각은 없었다.,I didn't mean to cause any trouble.,問題を起こすつもりはなかった 
아주 쉬워.,It's very easy.,とても易しい。
죄송한데 오늘 오렌지 주스가 없어요.,"Sorry, we have no orange juice today.",申し訳ありませんが今日オレンジジュースがありません。
"미안, 내가 공을 너무 세게 던졌어.","Sorry, I threw the ball too hard.","ごめん, ボールを強く投げすぎた。"
지하철에서 지갑을 잃어버렸어.,I lost my wallet on the subway.,地下鉄で財布をなくしてしまったの。
뭐 하나 물어봐도 돼?,Can I ask you a question?,ひとつ聞いて良い?
"자, 여러분, 시작해 볼까요.","Ok, everyone, let's get down to business.","さあ, 皆さん, 始めて見ましょうか。"
파티에 같이 갈래요?,Would you like to come along to the party?,パーティーへ一緒に行きますか?
당장 차 세워!,Pull the car over right now!,今すぐ車を止めろ!
이것들 전부 니가 요리한 거야?,Did you cook all these?,これら全部お前が料理したの?
오늘 걱정이 있어 보여요.,You look worried today.,今日何か心配そうに見えます。
이건 널 위한 작은 선물이야.,Here's a little present for you.,これは君をための小さなプレゼントだ。
그 이야기는 더 이상 하고 싶지 않아요. ,I don't want to talk about that anymore.,その話はこれ以上したくありません。 
누군가가 쓰레기를 버렸다.,Somebody threw away the gabage.,誰かがごみを捨てた。
판다가 주로 뭘 먹는지 알아?,Do you know what pandas mostly eat?,パンダが主に何を食べるか知ってる?
손 들어!,Raise your hand!,手を上げろ!
1996년 이전에는 한국에서는 초등학교를 국민학교라고 불렀다.,"Elementary school was called national school"" before 1996 in Korea.""""lementary school was called ""national """"ementary """,1996年以前には韓国では小学校を国民学校と呼んだ。
운동 많이 하세요?,Do you work out a lot?,運動たくさんしますか?
뜨거운 물 좀 주세요.,Please give me some hot water.,熱いお湯ちょっとください。
우리는 어렸을 때 같은 학교에 다녔다.,We went to the same school as children.,私たちは幼い頃同じ学校に通った。
오늘 아주 예쁜 여자를 봤어.,Today I saw a really pretty girl.,今日とてもきれいな女を見たの。
그건 칭찬으로 받아들일게요.,I'll take it as a compliment.,それは褒め言葉として受け取りますよ。
나랑 테니스 칠래? ,You want to play tennis with me?,私とテニスしようか? 
감기에 걸린 것 같아요.,I think I have a cold.,風邪をひいたようです。
할머니가 병원에 계셔.,My grandmother is in the hospital.,お婆さんが病院にいらっしゃる。
이거 정말 재미있네!,This is so fun!,これ本当に面白いね!
그 사람이 나를 모르는 게 분명했다.,It was clear that he did not know me.,その人が私を知らないのが明らかだった。
어젯밤부터 가슴이 아파요.,My chest was hurting since last night.,昨晩から胸が痛いです。
다른 사람과 같이 산다는 건 언제나 힘든 일이야.,It's always hard to live with someone.,他人と一緒に住むということはいつも大変な事なの。
직접 얘기해 보시지 그래요? ,Why don't you talk to him directly?,直接話して見たらどうですか? 
부산은 해산물로 유명하다. ,Busan is famous for its seafood.,釜山は海産物で有名だ。 
아기를 등에 업어라.,Carry the baby on your back.,赤んぼうを背に負いなさい。
저 청바지 요즘 엄청 유행이야. ,Those jeans are all the rage these days.,あのジーパンこのごろすごく流行だ。 
우와!? 저 선수는 서브가 아주 강한데!,Wow! she has a very strong serve.,ウワー! あの選手はサーブがとても強いな!
그 배는 바다 밑으로 가라앉았다.,The ship sank to the bottom of the sea.,その船は海の下に沈んだ。
대중교통을 이용하는 게 좋을 거야.,It is better to use public transportation.,大衆交通を利用するほうが良いだろう。
서울 가는 버스를 타.,Get on the bus for Seoul.,ソウル行きのバスに乗れ。
어린이날은 아이들에게 일 년 중 가장 즐거운 시기이다.,Children's day is one of the happiest times in a year for children.,子供の日は子供達にとって一年中で一番楽しい時期だ。
휴가 어떻게 지냈어? ,How did you spend your vacation?,休暇どう過ごした? 
나는 혜안에게 생일 선물로 시계를 주었다.,I gave her a watch for her birthday.,私はヘアンの誕生日プレゼントに時計をあげた。
한 남자가 검은색 가방을 들고 있었다.,A man was carrying a black bag.,一人の男が黒いかばんを持っていた。
그 건물은 이 길의 끝에 있습니다.,The building is at the end of this street.,その建物はこの道のお仕舞いにあります。
타이어 바꿀 줄 알아?,Do you know how to change a tire?,タイヤの変え方知ってる?
바람이 멈췄네.,The wind has stopped.,風が止んだね。
이 영화 진짜 재미없다.,I'm finding this movie extremely boring.,この映画本当につまらない。
왜 귀를 막는 거야?,Why are you plugging your ears?,どうして耳を防ぐのか?
문이 저절로 열렸어.,The door opened by itself.,扉が自然に開いた。
그 사람 어떻게 생겼어요?,What does he look like?,その人どんな顔してますか?
여기서는 사진을 찍을 수 없습니다.,You are not allowed to take pictures here. ,ここでは写真を撮ることができません。
119에 전화해!,Call 911!,119に電話して!
그 책 이리 줘봐.,Give me that book.,その本こちらによこしてみろ。
할아버지는 병원에 계세요. ,My grandfather is in the hospital.,お爺さんは病院にいらっしゃいます。 
일을 더 복잡하게 만들지 마.,Don't make things more complicated.,仕事をこれ以上複雑にするな。
좋은 생각이 떠올랐다.,A good idea occurred to me.,良い考えが浮んだ。
그 여자 나이보다 어려 보여요.,She looks younger than her age.,その女年より幼く見えます。
나 늦을 거야. 그러니까 기다리지 말고 자.,I'll be back late. So don't wait up for me.,私は遅くなりそうだ。 だから待たずに寝なさい。
오늘 날씨 정말 춥다! ,"Oh, it's very cold today!",今日の天気は本当に寒い! 
"그들은 쌍둥이지만, 성격은 완전히 다르다.","Although they are twins, their personalities are totally different.","彼らは双子だが, 性格はまったく違う。"
내일 저녁에 뭐 하세요?,What are you going to do tomorrow evening?,明日の夕方に何をしますか?
그녀가 행복하면 나도 행복하다. ,"As long as she is fine, I'm happy.",彼女が幸せならば私も幸せだ。 
나 내년에 결혼할 거야.,I'm going to get married next year.,私来年結婚するつもり。
"실례지만,  몇 시인지 아세요?","Excuse me, but do you have the time?","失礼ですが,  何時かご存じですか?"
김치냉장고가 필요해.,I need a refrigerator for kimchi.,キムチ冷蔵庫が必要なの。
가방이 없어졌어!,My bag is gone!,かばんが消えたの!
"그 사건 이후, 그 배우는 인기가 떨어졌다.","After the scandal, the actor lost his popularity.","その事件以後, その俳優は人気が落ちた。"
어젯밤에 너 완전히 취했었어. ,You were completely drunk last night.,昨晩お前完全に酔っていた。 
요즘 왜 그렇게 바빠?,Why are you so busy these days?,このごろどうしてそんなに忙しいの?
어느 쪽이 남쪽이야?,Which way is south?,どっちが南側なの?
경치가 정말 아름다워요.,The scenery is really beautiful.,景色が本当に美しいです。
종이를 반으로 접어라.,Fold the paper in half.,紙を半に畳め。
"몸은 여기 있어도, 마음은 다른 곳에 있구나.","Though present in body, your mind is elsewhere.","身はここにあっても, 心は他の所に行っているな。"
우리 대학은 백 년의 전통을 자랑한다.,Our university boasts a tradition that goes back 100 years.,我が大学は百年の伝統を誇る。
세상 참 좁네요!,What a small world!,世の中本当に狭いですね!
한국의 겨울은 아주 추워요.,Winter in Korea sure is cold. ,韓国の冬はとても寒いです。
뭐 샀니?,What did you buy?,何買ったの?
이번에는 안 돼!,Not this time!,今度はだめだ!
우리 지난주에 얘기하지 않았나요?,Didn't we talk just last week?,私たち先週話しませんでしたっけ?
저기 있는 여자 보여?,Can you see a woman over there?,あそこにいる女見える?
그 사람은 키가 크고 수염이 있어요.,He is tall and has a beard.,その人は背が高くてひげがあります。
높이 나는 새가 멀리 본다.,"The highter a bird flies, the farther it can see.",高く飛ぶ鳥が遠くを見る。
그럴 기분이 아니야.,I'm not in the mood.,そんな気分ではないよ。
왜 많은 사람들이 담배를 피울까요? ,Why do so many people smoke?,どうして多くの人がタバコを吸うのでしょうか? 
넌 왜 안 갔어?,Why didn't you go?,お前はどうして行かなかったの?
저는 심지어 이 기본적인 단어들도 몰라요.,I don't even know these basic words.,私は甚だしくはこの基本的な単語らも分かりません。
같은 색으로 다른 것 좀 보여주세요.,Show me another one in the same color.,同じ色で他の物ちょっと見せて下さい。
"너무 싱거우면, 소금을 넣어라.","If it's too bland, add some salt.","味が薄いなら, 塩を入れなさい。"
저희 식당은 신선한 재료만을 사용합니다.,My restaurant uses only fresh ingredients.,当食堂は新鮮な材料のみを使います。
슈퍼마켓 가는 중이야. 뭐 필요한 거 있어? ,I'm going to the supermarket. Do you want anything?,スーパーマーケットにいく所だ。 何か必要なものある? 
새 상품을 계획하는 것이 제 일입니다. ,It's my job to plan new products.,新しい商品を計画するのが私の仕事です。 
걱정하지 마. 그냥 내 어깨에 기대.,Don't worry. Just lean against my shoulder.,心配するな。 ただ私の肩に寄り掛かれ。
도움이 필요해요.,I need your help.,助けが必要です。
이 가방 정말 무겁다.,This bag is so heavy.,このかばん本当に重い。
일본을 하루 만에 다녀올 수 있나요?,Is it possible to go to Japan and get back in a day?,日本に日帰りで行って来ることができるんですか?
얼른 낫길 바랍니다.,I hope you will get better soon.,早く良くなる事を望みます。
그녀는 미국에서 아이를 낳았다.,She had a baby in the U.S.,彼女はアメリカで子供を生んだ。
영어 공부 어떻게 하셨어요? ,How did you study English?,英語の勉強どのようにしましたか? 
회의가 언제 끝날 것 같아요? ,When do you expect the meeting to finish?,会議いつ終わりそうですか? 
어제 눈 내리는 거 봤어?,Did you see the snow fall yesterday?,昨日雪降るの見たの?
도와드릴까요? - 어른 두 명하고 아이 한 명이요.,"May I help you? - Two adults and one child, please.",どうぞ - 大人二人と子供一人です。
특히 마지막 노래가 좋았어. ,I especially loved the last song.,特に最後の歌が良かったの。 
저는 매일 수십 통의 스팸 메일을 받아요.,I get dozens of spam mail everyday.,私は毎日数十通の迷惑メールを受けます。
어른 표 두 장하고 어린이 표 한 장 주세요.,"Two tickets for adults and one for a child, please.",大人の切符二枚と子供の切符一枚ください。
부인은 어디 계세요? 같이 안 오셨어요?,Where is your wife? Didn't you come with her?,奥さんはどこにいらっしゃいますか？ 一緒に来られななかったのですか?
나 새벽에 일어나야 해.,I have to wake up at dawn.,私早朝に起きなければならない。
이곳 음식은 너무 비싸네요.,The dishes here are pretty expensive.,ここの食べ物はとても高いですね。
그 사람은 가게를 구경만 하고 있었다.,The man was looking around the shop.,その人は店を見物ばかりしていた。
어느 대학 가고 싶어?,Which university do you want to go to?,どの大学行きたい?
많은 한국인들이 추석에 고향으로 간다.,Many Koreans return to their hometown during Chusok.,多くの韓国人が秋夕の時故郷に帰る。
하늘에 구름 한 점 없다.,There are no clouds in the sky.,空に雲一点ない。
"차례가 되면, 앞으로 나오세요.",Please come to the front when it's your turn.,"順番になれば, 前に出てください。"
가을에는 책을 읽기 좋다.,It is good to read books in the fall.,秋には本を読みやすい。
맵고 짠 음식은 몸에 좋지 않아요.,Spicy and salty foods are not good for the body.,辛くて塩辛い食べ物は体に良くないです。
길을 막고 거기 서 있지 마라.,Don't stand there blocking the gateway.,道を防いでそこに立つな。
감기 조심하세요.,Be careful not to catch a cold.,風邪引かないように気をつけてください。
욕심엔 끝이 없다.,Greed has no limits.,欲心には終りがない。
요즘은 공중전화를 보기가 힘들어.,"These days, it is hard to find a pay phone.",このごろは公衆電話をあまり目にしない。
니 웃는 모습이 좋아.,I like the way you smile.,お前の笑う姿が好き。
내일은 특별한 날이야.,Tomorrow is a special day. ,明日は特別な日だ。
그 영화에서 가장 좋은 부분이 뭐였어?,What was your favorite part in that movie?,その映画で一番良い部分は何だった?
많은 부부가 성격 차이로 이혼한다.,Many couples get divorced because of their personality differences.,多くの夫婦が性格の違いで離婚する。
안녕히 가세요.,Take care.,さようなら。
집에서 음악 많이 들으세요? ,Do you listen to much music at home?,家で音楽たくさん聞きますか? 
오늘 늦게 일어났어요?,Did you get up late today?,今日遅く起きましたか?
시간이 지나면 다 잊힐 거야.,All will be forgotten as time goes by.,時間が経てばすべて忘れるだろう。
그녀의 눈이 진짜 마음을 나타내고 있었다.,Her eyes expressed her true feelings.,彼女の目が本当の気持ちを現わしていた。
에쿠우스는 라틴어로 말이라는 뜻이다.,Equus means horse in Latin.,エクウスはラテン語で馬という意味だ。
만나서 반갑습니다.,Glad to meet you.,お会いできて嬉しいです。
난 순수한 이미지의 여자가 좋아.,I like girls who look pure.,僕は純粋なイメージの女が好きだ。
이태원에는 외국인이 많아요.,There are many foreigners in Itaewon.,梨泰院には外国人が多いです。
라면을 너무 오래 두면 맛없어.,"If you let the ramen sit for too long, it tastes bad.",ラーメンをあまり長くほって置くとまずくなる。
이별 선물이야.,This is a farewell present.,お別れプレゼントだ。
인천 공항까지 좀 태워주실래요?,Can you give me a ride to Incheon airport?,仁川空港までちょっと乗せてくださいませんか?
우리 어머니는 삼 년 동안 아프셨다.,My mother has been sick for three years.,うちの母は３年間具合が良くなかった。
"이상하게 들릴지도 모르지만, 내가 한 말은 사실입니다.","Strange as it may sound, what I said was true.","変に聞こえるかも知れないが, 私の言った言葉は事実です。"
똑바로 서서 똑바로 말해 봐.,Stand straight and speak clearly.,しゃんと立ってはっきり言って見ろ。
그 사람은 침대에 누워 책을 읽고 있었다.,He was lying on the bed reading a book.,その人はベッドに横になって本を読んでいた。
돈을 지갑에 넣어 다니세요?,Do you carry your money in a wallet?,お金を財布に入れて歩きますか?
서둘러. 우리 늦겠다.,Hurry up. We are going to be late.,急いで。 私たち遅れる。
나는 역사 교수가 되고 싶어.,I want to be a history professor.,私は歴史教授になりたい。
봉투에 우표 붙였어?,Did you stick a stamp on the envelope?,封筒に切手付けたの?
지나가는 사람에게 물어보자. 그게 더 빨라.,Let's ask people walking by. It's faster.,通り過ぎる人に聞いて見よう。 それがもっと早い。
그대로 내버려둬라.,Leave it as it is.,そのまま放っておきなさい。
나는 이 신발을 3만 원에 샀다.,I bought this pair of shoes for thiry thousand won.,私はこの靴を3万ウォンで買った。
그 사람 원래 성격이 밝아요. ,He originally had such a pleasant personality.,その人は元々性格が明るいです。 
개가 모자를 쓰고 있다니 웃기지 않니?,Isn't it funny that the dog is wearing a hat?,犬が帽子をかぶっているなんて面白くない?
그는 작년에 끔찍한 병에 걸렸다.,He suffered from a terrible disease last year.,彼は去年にひどい病気にかかった。
가장 가까운 서점이 어디인가요?,Can you tell me where the nearest bookstore is?,一番近くの書店はどこでしょうか?
사실 빵은 칼로리가 높다.,"Actually, bread has many calories.",実はパンはカロリーが高い。
올해는 담배를 끊기로 결심했어요.,I've decided to quit smoking this year.,今年はタバコをやめることに決心したんです。
사람들 앞에서 웃으려고 노력했다.,I made an effort to smile in front of others.,人前で笑おうと努力した。
부자가 되는 빠른 방법이 없을까?,Isn't there a quicker way to become rich?,金持ちになる早い方法がないだろうか?
다쳤어? 이 약 먹어.,Did you get hurt? Take this medicine.,けがをしたの? この薬飲んで。
그 기사의 대부분은 거짓이야.,Most of the article is false.,その記事の大半は偽りだ。
이번 주 농구 연습에 안 가서 팀에서 쫓겨났어.,I got kicked off the basketball team because I didn't go to the practice this week.,今週バスケットボールの練習に行かなくてチームから追い出されたの。
나는 그에게 그 일을 어서 끝내라고 말했다.,I told him to get the work done quickly.,私は彼にその事をはやく終わらせなさいと言った。
이 사탕은 한 개에 100(백)원이다.,These candies cost a hundred won a piece.,このキャンディーは一つ百ウォンだ。
노란 장미보다 붉은 장미가 마음에 들어요. ,I prefer red roses to yellow ones.,黄色いバラより赤いバラが好きです。 
그는 우연히 알려지지 않은 동물을 발견했다.,He accidently found an unknown animal.,彼は偶然に知られていない動物を見つけた。
안전벨트 풀어도 돼요?,May I unfasten my seat belt?,安全ベルト外しても良いですか?
특별한 능력이 있는 사람만이 이 일을 할 수 있다.,Only one with special abilities can do this work.,特別な能力がある人だけこの事ができる。
어떤 사람을 좋아하세요?라고 어떤 사람이 물었다.,What kind of person do you like? asked a certain guy.,どんな人が好きですか?とある人が問うた。
아내가 어젯밤 아들을 낳았어.,My wife gave birth to a son last night.,妻が昨晩息子を生んだ。
다른 곳으로 수영하러 가자.,Let's go swimming somewhere else. ,他の所へ泳ぎに行こう。
하루 종일 역사 시험 공부를 했어. ,I studied all day long for the history test .,一日中歴史の試験勉強をしたの。 
숙제 했어?,Did you do your homework?,宿題したの?
"무엇보다도, 스트레스를 줄이는 것이 중요합니다.","First of all, it is important to reduce your stress.","なによりも, ストレスを減らすのが重要です。"
"이런, 지갑을 교실에 두고 왔어.","Oops, I left my wallet in the classroom.","あれ, 財布を教室に残して来た。"
무슨 일을 하세요?,What kind of work do you do?,何の仕事をしていますか?
지난 주말에 이미 거기 가 봤어. ,I already went there last weekend.,先週末既にそこへ行った。 
그곳 날씨는 어때요? ,How's the weather over there?,そこの天気はどうです? 
그 사람을 보니까 이상한 감정이 들더라고.,I got a strange feeling when I saw him.,その人を見ると変な感情を感じた。
휴지는 휴지통에 버리세요. ,Put your wastepaper into the waste basket.,紙くずはごみ箱に捨ててください。 
그때 이후로 그녀를 본 적이 없다. ,I have not seen her since then.,あの時以降彼女を見た事がない。 
다음 해에 다시 한국에 올 거예요. ,I'll be back to Korea again next year.,来年また韓国へ来ます。 
나 고양이 키우고 싶어.,I want to raise a cat.,私猫飼いたい。
이 물건들은 모양이 다르다.,These products are different in shape.,この品物は形が違う。
공원에서 오른쪽으로 도세요.,Turn right at the park.,公園で右側に曲がってください。
모든 직원들이 다 알아요.,Every employee knows about it.,すべての職員が皆知っています。
아직도 혼자 집을 청소하세요?,Do you still clean your house by yourself?,未だに一人で家を掃除してますか?
내 여동생은 나랑 성격이 반대예요.,My sister is the complete opposite of me.,私の妹は私と性格が反対です。
여자가 두 명 있어요.,There are two girls there.,女が二人います。
이 버스가 플라자 호텔 지나가나요?,Does this bus pass by the Plaza Hotel?,このバスはプラザホテルを通過しますか?
과자 내 거 좀 남겨둬.,Leave some cookies for me.,私の分のお菓子ちょっと残しておいて。
바다가 보이는 조용한 방이에요.,"Yes, it's a quiet room with a fine view of the ocean.",海が見える静かな部屋です。
나는 갑자기 가슴에 심한 통증을 느꼈다.,I suddenly felt a sharp pain in my chest.,私は急に胸にひどい痛みを感じた。
아버지는 무슨 일을 하시니?,What does your father do for a living?,お父さんは何のお仕事をなさってるの?
어느 쪽이 남쪽입니까?,Which way is south?,どっちが南側ですか?
숲에서 길을 잃었어.,I got lost in the forest.,森で道に迷ったの。
그 애는 나를 자기 생일 파티에 초대하지 않았다.,She didn't invite me to her birthday party.,あの子は私を自分の誕生日パーティーに招待しなかった。
혜안과 나는 결혼한 지 3개월 되었다.,Hyean and I have been married for three months.,へアンと私は結婚してから3ヶ月になった。
거울을 보세요.,Look at yourself in the mirror.,鏡を見てください。
칠판에 써 볼 사람? ,Who can write it on the board?,黒板に書いて見たい人? 
책상 위에서 연필과 지우개 외에는 모두 치우세요.,Clear everything off your desk except for your pencils and erasers.,机の上に鉛筆と消しゴム以外は皆片付けてください。
일본어 공부는 잘 되고 있어요? ,How are you doing with learning Japanese?,日本語の勉強はうまく行っています? 
니가 화낼 이유가 없는 것 같은데.,I don't think you have a reason to get angry.,お前が怒る理由はないようだが。
이 치약은 딸기 맛이 난다.,This toothpaste is strawberry-flavored.,この歯磨き粉はいちごの味がする。
고마워요.,Thank you.,ありがとう。
몇 층 가세요?,Which floor do you want?,何階に行かれますか?
너 가서 세수 좀 해야겠다.,You need to go wash your face.,お前ちょっと顔洗って来た方が良い。
머리를 부딪친 후로 머리가 자꾸 빠져요.,My hair has been falling out since I got hit on the head.,頭をぶつけて以来髪がしきりに抜けます。
그녀는 아름다운 목소리를 가지고 있다.,She has a beautiful voice.,彼女は美しい声を持っている。
부엌에 떡이 좀 있어.,There is some rice cake in the kitchen.,台所に餠がちょっとある。
몇 시야? - 3시 40분.,What time is it? - It's three forty.,何時? - 3時40分。
진작 말씀하시지 그러셨어요.,You should have said it earlier.,とうにおっしゃったら良かったんです。
화장은 하는 것보다 지우는 것이 더 중요하다.,Removing makeup is more important than putting it on.,化粧はするより消すのがもっと重要だ。
우리는 종교의 자유가 있다.,We have freedom of religion.,私たちには宗教の自由がある。
빌리 진은 내 애인이 아니에요.,Billie Jean is not my lover.,ビリージンは私の恋人ではありません。
교실에는 남학생이 거의 없었어.,There were few male students in the class.,教室には男子学生がほとんどいなかった。
지금 몇 시야? - 세 시 반.,What time is it now? - Half past three.,今何時? - 三時半。
그 남자 결혼식은 어디에서 하죠?,Where is he going to have the wedding ceremony?,その男の結婚式はどこでしますか?
그녀는 넓은 집에서 살고 싶어한다.,She wants to live in a large house.,彼女は広い家で暮したがる。
여기서 기다릴게.,I'll wait here.,ここで待ってるよ。
그 아이는 사탕을 빨고 있었다.,The child was sucking on a candy.,その子供はキャンディーをしゃぶっていた。
의사 선생님은 지금 다른 환자를 보고 계세요.,The doctor is with another patient right now.,お医者さんは今他の患者を見ていらっしゃいます。
코너에서 오른쪽으로 도세요.,Turn right at the corner.,コーナーで右側に曲がってください。
저자는 책 속에 서명을 했다.,The author signed the inside cover of the book.,著者は本の中に署名をした。
"나를 보자마자, 그는 웃음을 터뜨렸다.","As soon as he saw me, he burst out in laughter.","私を見るやいなや, 彼は笑いを噴き出した。"
그 다큐멘터리는 사회의 현실을 반영한다.,The documentary reflects the reality of society.,そのドキュメンタリーは社会の現実を反映する。
몇 가지 질문이 있는데요. 몇 살이세요? 형제는 몇이세요?,I have several questions. How old are you? How many brothers do you have?,いくつか質問があるんですが。 何才ですか？兄弟は何人ですか？
고향에 오래간만에 오신 건가요? ,Has it been a while since you've been back to your hometown?,故郷に久し振りにいらっしゃったんですか? 
기분이 어때? - 별로야.,How do you feel? - Not good.,気分どう? - あんまり良くない。
그만 찾아도 돼. 내가 찾았어!,Stop searching. I found it!,もう探さなくてもいいよ。 私が見つけた!
태권도를 했다니 안 믿어지는데.,I can't believe you learned Taekwondo.,テクォンドーをやってたなんて信じられないが。
조금만 더 주세요. ,"Just a little more, please.",もうちょっとください。 
커피 한 잔 하시겠어요?,Would you like a cup of coffee?,コーヒー一杯飲みますか?
좋은 생각이야.,That's a good idea.,良い考えだ。
한 번 더 기회를 주세요.,"Give me another chance, please.",もう一度機会をください。
2층에 약국이 있습니다.,There is a pharmacy on the second floor.,2階に薬局があります。
니 애인 생각보다 훨씬 더 예쁘더라.,Your girlfriend looked much more beautiful than I had expected.,お前の恋人思ったよりずっときれいだったよ。
다음 비행기는 언제 있어요?,When is the next flight?,次の飛行機はいつありますか?
화장실에 사람이 있어요. ,There's someone in the bathroom.,トイレに人がいます 
그런 건 아무도 못 해.,Nobody can do such a thing.,そんなことは誰もできない。
나는 그녀의 아름다운 목소리를 잊을 수 없다.,I can’t forget her beautiful voice.,私は彼女の美しい声を忘れることができない。
저는 백 퍼센트 이길 자신이 있어요.,I am 100 percent confident of winning.,私は百パーセント勝つ自信があります。
저기에 주유소가 있어요.,There's a gas station over there.,あそこにガソリンスタンドがあります。
"여름에는, 차가운 수박을 먹는 것이 정말 좋다.","In the summer, eating watermelon is very refreshing.","夏には, 冷たいすいかを食べるのが本当に良い。"
이것 좀 혜안한테 줄래?,Could you give this to Hyean?,これちょっとヘアンに渡してくれる?
내 말 좀 들어 봐.,"Please, listen to me.",私の話ちょっと聞いてみろ。
운동을 위해 나는 매일 1킬로를 뛴다.,"For exercise, I jog a kilometer everyday.",運動のために私は毎日 1キロを走る。
남편은 딸을 갖고 싶어해요.,My husband wants to have a daughter.,夫は娘を欲しがります。
머리 말릴 수건 있어?,Do you have a towel to dry your hair with?,髪乾かすタオルある?
인터넷에 어떻게 접속하지?,How can I access the internet?,インターネットにどうやって接続する?
저는 맥주 마실래요.,I'll have a beer.,私はビール飲みます。
어떤 신문 읽어?,Which newspaper do you read?,何の新聞読んでる?
"점심에는 피자를, 저녁에는 스파게티를 먹었다.",I had pizza for lunch and spaghetti for dinner.,"お昼にはピザを, 夕食にはスパゲッティを食べた。"
저 택시는 왜 그냥 가는 거죠? ,Why did that taxi just take off like that?,あのタクシーは何故知らぬ振りして行くのでしょう? 
그러니까 자꾸 양말에 구멍이 나지. ,That's why your socks keep getting holes.,だからしょっちゅう靴下に穴があくんだ。 
걔는 짧은 머리에 안경을 썼어.,She has short hair and wears glasses.,その子は短い髪にめがねをかけている。
여기가 우리 선생님 댁이야.,This is my teacher's house.,ここがうちの先生のお宅だ。
방학이 내일 끝나.,School vacation ends tomorrow.,休みが明日終わる。
포도주는 소고기나 돼지고기와 잘 어울립니다.,Wine goes best with beef or pork.,ぶどう酒は牛肉や豚肉とよく合います。
언제부터 동전을 모았어요?,How long have you collected coins?,いつから小銭を集めましたか?
나는 늘 옆으로 잔다.,I always sleep on my side.,私は常に横向きで寝る。
이 사과는 신선해요. 드셔보세요.,These apples are fresh. Try them.,このリンゴは新鮮です。 召し上がって見てください。
바닥청소 하게 저 테이블 좀 옮겨줄래?,Can you move that table so I can sweep the floor?,底の掃除するからあのテーブルちょっと動かしてくれる?
고기 몇 마리 잡았어?,How many fishes did you catch?,魚何匹釣った?
그 사람한테 니 의견을 말하지 그래?,Why don't you tell him your opinion?,その人にお前の意見を言ったらどうなの?
이 프로그램은 어떻게 설치해요? ,How do I install this program?,このプログラムはどうやって設置しますか? 
저희는 하루에 9만원입니다.,We charge ninety thousand per day.,私どもは一日に9万ウォンです。
기름은 물보다 가볍다.,Oil is lighter than water.,油は水より軽い。
요즘에는 아이를 원하지 않는 부부가 많아요.,"These days, many couples don't want to have kids.",このごろは子供を望まない夫婦が多いです。
몇 살이에요? - 스물세 살이요.,How old are you? -Twenty three years old.,いくつですか? - 二十三歳です。
램프가 너무 밝아서 눈이 아파요.,The desk lamp is so bright it hurts my eyes.,ランプが明る過ぎて目が痛いです。
특별한 계획 있으세요?,Any special plans?,特別な計画ありますか?
불이 났나 봐.,There must be a fire.,火事が起こったようだ。
난 다른 무엇보다 김치가 좋아.,I love Kimchi more than anything else.,私は他の何よりキムチが好き。
좋지도 않지만 나쁘지도 않아.,"Not good, but not bad.",良くもないが悪くもない。
독도가 중요한 섬인가요?,Is Dokdo an important island?,竹島とは重要な島ですか?
그럼 거기서 보자.,Then I'll see you there.,それではそこで会おう。
뭐 때문에 싸우는 거야?,Why are you quarreling?,どうしてけんかしてるの?
그녀는 젊었을 때 정말로 예뻤다.,"When she was young, she was really beautiful.",彼女は若かった頃本当にきれいだった。
이 케이크는 맛이 달다.,This cake tastes sweet.,このケーキは甘い。
농담하지 마세요!,No kidding!,冗談言わないでください!
너 오늘 우울해 보여.,You look sad today.,お前今日憂鬱に見える。
"앗, 내 열쇠 사무실에 놓아두고 왔어!","Oops, I left my keys at the office!","アッ, 私の鍵事務室に置いて来た!"
아침에 일어나는 게 정말 싫어.,I really hate getting up early in the morning.,朝に起きるのが本当にいやだ。
언제 떠나?,When are you leaving?,いつ発つの?
이 한자는 무슨 뜻이에요?,What do these Chinese characters mean?,この漢字はどういう意味ですか?
요즘 한국에는 중국어를 공부하는 사람들이 많다.,A lot of people are studying Chinese in Korea these days.,このごろ韓国には中国語を勉強する人々が多い。
내 꿈은 이 회사의 사장이 되는 거예요.,My dream is to be the CEO of this company.,私の夢はこの会社の社長になる事です。
가족 모두가 감기에 걸렸다.,The whole family has caught a cold.,家族皆が風邪をひいた。
그 아이는 하늘을 어두운 색으로 칠했다.,The child painted the sky in a dark color.,その子供は空を暗い色で塗った。
가장 최근에 읽은 책이 뭐예요?,What was the last book you've read?,一番最近読んだ本は何です?
음식 종류가 너무 많아서 무엇을 먼저 먹어야할지 정할 수가 없다.,There are so many kinds of food that I can't decide what to eat first.,食べ物の種類があまりにも多くて何から食べるか決めることができない。
벌써 가려고?,Are you leaving already?,もう行くの?
우리 관계도 이제 끝이야. ,Our relationship is over.,私たちの関係ももうお仕舞いだ。 
이번 달 마지막 날이야.,It's the last day of this month.,今月の最後日だ。
그는 생일 전날 죽었다.,He died the day before his birthday.,彼は誕生日の前日死んだ。
많은 한국인들이 여전히 침대에서 자는 것을 좋아하지 않는다.,Many Koreans still don't like to sleep in beds.,多くの韓国人は相変らずベッドで寝ることを好まない。
여권 좀 보여주시겠어요?,Can I see your passport?,パスポートを見せてくれますか?
오늘은 왜 택시를 탔어요?,Why did you take a taxi today?,今日はどうしてタクシーに乗りましたか?
오늘 몇 과 할 차례지? ,What lesson are we on today?,今日は何科する番なの? 
이게 무슨 냄새죠?,What is this smell?,これ何のにおいですか?
어제 저녁 야구 경기에서 누가 이겼지? ,Who won the baseball game last night?,昨日の夕方の野球競技で誰が勝ったの? 
이 우유 상한 거 같아요.,This milk seems to have gone bad.,この牛乳いたんだようです。
이 일을 마치는 데 3일이 걸릴 거야.,It will take three days to finish this work.,この事を終えるのに3日かかるだろう。
그것 재미있겠다.,It sounds fun.,それ面白そう。
어려운 문제는 빼고 다른 것들 먼저 풀어라.,Skip the difficult question and solve the others first.,難しい問題は抜いて他のものを先に解きなさい。
아래에 서명해 주세요.,Please sign your name below.,下に署名してください。
어린이도 돈을 내야 하나요?,Do children have to pay money?,子供もお金を出さなければならないんですか?
엄마 생일을 달력에 표시해 두세요.,Mark your mother's birthday on the calendar.,お母さんの誕生日をカレンダーに示しておいてください。
"나는 이 메모를 이해할 수가 없는데, 넌 어때?","I can't understand this memo, can you?","私はこのメモを理解することができないが, お前はどう?"
내가 없는 동안 잘 지내.,Take care while I'm gone.,私がいない間元気でね。
이런 일 해보셨어요? ,Have you ever done this kind of work?,こんな事やって見ましたか? 
다 너 때문이야.,It's all because of you.,すべてお前のせいだ。
그 가게는 위치가 나쁜 것 같아.,I think that store has a bad location.,その店は位置が悪いと思う。
술은 건강에 해롭다.,Alcohol is bad for your health.,酒は健康に有害だ。
회사가 지난해 망했어. ,The company went bankrupt last year.,会社が去年つぶれたの。 
"길을 잃어서, 우리는 왔던 길로 돌아가야 했다.","Because we were lost, we had to go back the way we came.","道に迷って, 私たちは来た道を帰らざるを得なかった。"
그래서 넌 그때 뭐라고 했니? ,So what did you say at that time?,それでお前はその時何と言ったの? 
나는 낮에 자고 밤에 일어난다.,I sleep during the day and wake up at night.,私は昼に寝て夜起きる。
너 왜 재즈를 싫어하는 거야?,Why do you hate jazz?,お前どうしてジャズが嫌いなのか?
나중에 보자.,See you later.,後で会おう。
기차가 곧 도착할 거야.,The train will be arriving shortly.,汽車がすぐ到着するだろう。
지금 어디 계세요?,Where are you now?,今どこにいらっしゃいますか?
나는 내년에 고등학생이 된다.,I'll be in high school next year.,私は来年高校生になる。
식사 후에 식탁을 치워주세요.,"After meals, please clear the dining table.",食事後に食卓を片付けてください。
햄버거 두 개랑 콜라 주세요.,"Two hamburgers and one cola to go, please.",ハンバーガー二つとコーラください。
그 차는 어둠 속으로 사라졌다.,The car disappeared into the dark.,その車は闇の中に消えた。
비 온다. 우산 펴.,It's raining. Open the umbrella.,雨降ってる。 傘を差せ。
나는 생선과 채소만 먹어요.,I eat only fish and vegetables.,私は魚と野菜しか食べません。
밖에서 자전거 타도 돼요? ,Can I ride my bicycle outside?,外で自転車に乗っても良いですか? 
비가 오는 바람에 경기가 취소되었다.,The game was canceled because of the rain.,雨が降ったおがげで競技が取り消された。
어떤 아파트를 찾고 계세요?,What apartment are you looking for?,どんなアパートを探していらっしゃいますか?
그쪽으로 가는 버스가 있나요?,Is there a bus going that way?,そっちの方へ行くバスがありますか?
이 고양이는 털이 아주 부드러워.,This cat has very soft fur.,この猫は毛がとても柔らかい。
인터넷으로 닭고기 스프 요리법 좀 찾아봐.,Please look up a recipe for chicken soup on the internet.,インターネットで鳥肉スープの作り方ちょっと探してみて。
지금은 기다리는 수밖에 없어.,There's no other way but to just wait.,今は待つしか仕方がない。
나는 도시에서 혼자 살고 부모님은 시골에 사셔.,I live alone in the city and my parents live in the country.,私は都市で一人で生活して両親は田舍で住んでいる。
그 이야기는 인터넷을 통해 모두에게 알려졌다.,The story became known to everyone through the internet.,その話はインターネットを通じて皆に知らされた。
우리 전에 만난 적 있나요?,Have we met before?,私たち前に会った事あるんですか?
그냥 친구 사이에요. ,We're just friends.,ただの友達の仲です。 
이 떡 먹어봤니? 맛있어.,Have you ever tried this rice cake? It's delicious.,この餠食べて見た? おいしいよ。
보통 몇 시에 주무세요?,What time do you usually go to bed?,普通何時におやすみですか?
어떤 계절을 제일 좋아하세요?,What season do you like best?,どんな季節が一番好きですか?
글자 크기는 바꿀 수 있습니다. ,You can change the font size.,字の大きさは変えることができます。 
이 물건들을 가방에 담아.,Put this item in a bag.,この品物をかばんに入れなさい。
커피? 아니면 차?,Coffee? Or tea?,コーヒー? それともお茶?
이 강의에서는 노트에 적어도 됩니다.,You can take notes in this lecture.,この講義ではノートに書いても良いです。
컴퓨터가 또 고장 났네!,My computer is out of order again!,コンピューターがまた故障したな!
"공연이 시작되면, 소리를 내지 말아주세요.","When the concert starts, please don't make any sounds.","公演が始った後は, 音を出さないでください。"
우리 회사에는 일하는 사람이 적다.,There are few men working at my company.,当社には働き手が少ない。
"너 약속 지키는 거, 난 한 번도 못 봤어. ",I've never seen you keep any promises.,"お前が約束守るの, 私は一度も見たことが無い。 "
말은 쉽다. 직접 해 봐.,It's easy for you to say. Do it yourself.,言うのは簡単だよ。 直接やってごらん。
학생들을 한 줄로 세우세요.,Make the students stand in a row.,学生たちを一列に並ばせてください。
"아주머니, 여기가 어디예요?","Madam, where am I?","おばさん, ここはどこですか?"
감사합니다.,Thank you.,ありがとうございます。
저것 좀 봐. 강아지가 다리를 다쳤어! ,Look at that. A puppy with an injured leg!,あれ見て。 子犬が足をけがした! 
에어컨 좀 켜도 될까요? ,Would you mind if I turned on the air conditioner?,エアコンちょっとつけても良いでしょうか? 
너는 날 얼마나 사랑해?,How much do you love me?,お前は私をどれ位愛してる?
해가 바뀌어도 변함없이 해는 뜬다.,The sun rises the same though a new year begins.,年が変わっても相変わらず日は昇る。
항상 너와 함께 있을게.,I'll always be with you.,いつもお前と一緒にいる。
100미터를 몇 초에 뛰세요? ,How many seconds does it take you to run 100 meters?,100メートルを何秒で走れますか? 
그것은 내게 고통스러운 기억이다.,It's a painful memory for me.,それは私にとって苦しい記憶だ。
아직도 출발 안 했어? ,Haven't you left yet?,まだ出発してなかったの? 
큰 코가 그 사람 얼굴의 특징이야.,His big nose is the central feature of his face.,大きい鼻がその人顔の特徴だ。
"집에 돌아왔을 때, 남편은 소파를 청소하고 있었다.","When I returned home, my husband was cleaning the sofa.","家に帰って来た時, 夫はソファーをきれいにしていた。"
그 공원은 얼마나 커요?,How big is the park?,その公園はどれぐらい大きいですか?
쇠고기와 돼지고기 중에 어느 것이 더 싼가요?,"Which is cheaper, beef or pork?",牛肉と豚肉のうちどちらがより安いんでしょうか?
왼쪽에 있는 빨간 버튼을 누르세요.,Press the red button on your left.,左側にある赤いボタンを押してください。
길을 묻는 것은 나에겐 너무 어려운 일이다.,Asking for directions is hard for me to do.,道を尋ねることは私にとってとても難しい事だ。
장난이 지나치시네요.,Your pranks have gone too far.,いたずらの度が少し過ぎるではありませんか。
선생님 책상에 개구리를 넣은 사람은 나야.,I put a frog in my teacher's desk.,先生の机に蛙を入れた人は僕だ。
너 만화책 좋아하니? ,Do you like comic books?,お前マンガ好き? 
바다에 도착하면 마음이 바뀔지도 몰라.,You may change your mind when you get to the sea.,海に到着したら心が代わるかも知れない
좋은 경험이 될 거야. ,It would be a good experience.,良い経験になるだろう。 
요즈음 살이 쪄.,I'm gaining weight these days.,近頃太る。
우산 안 가져왔어? ,Didn't you bring your umbrella?,傘持って来なかったの? 
2분 정도 걸릴 겁니다. ,It'll take about two minutes.,2分位かかるでしょう。 
무릎이 너무 아파서 걸을 수가 없어.,My knees are so painful that I can't walk.,膝がとても痛くて歩くことができない。
너 작년에 졸업했지?,"You graduated last year, didn't you?",お前去年卒業しただろ?
다리를 건너자.,Let's cross the bridge.,橋を渡ろう。
박찬호는 내가 제일 좋아하는 야구 선수야.,Chanho Park is my favorite baseball player.,パク・チャンホは私が一番好きな野球選手なの。
이 건물 뒤에 있습니다. ,It is at the back of this building.,この建物の後ろにあります。 
갈비 좋아하세요?,Do you like ribs?,カルビ好きですか?
그 소식에 그녀의 표정이 밝아졌다.,Her face lit up at the news.,その知らせに彼女の表情が明るくなった。
그 여자애는 키가 작아. 그래도 나보다는 커.,"She is short, but still taller than me.",その女の子は背が小さい。 それでも私よりは大きい。
젓가락으로 국수를 집을 수 있어요?,Can you pick up the noodles using your chopsticks?,御箸で麺をつまむことができますか?
안아 줘.,Give me a big hug.,抱いて。
밤새도록 춤을 췄어요. ,I danced the entire night through.,一晩中踊りました。 
괜찮아. 그 사람 멀리 있어서 내 말 못 들을 거야.,No problem. She can't hear me because she's far away.,大丈夫。 その人は遠くにいるから私の声聞こえないよ。
얼른 대답해요.,Answer me right away.,さっさと答えなさい。
보다 현실적인 방법을 찾아야 해.,We should find a more practical way.,より現実的な方法を見つけなければならない。
"화내지 마세요, 그냥 장난이었어요.",Don't be angry. It was just for fun.,"怒らないでください, ふざけただけです。"
그것 참 안됐네요.,I'm so sorry for that.,それ本当に残念ですね。
대통령은 그 문제에 대해 아무 말도 하지 않았다.,The president didn’t say anything about the issue.,大統領はその問題に対して何の言葉も言わなかった。
그 시험을 위해 정말 열심히 공부했어요. ,I studied very hard for the test.,その試験のために本当に熱心に勉強したんです。 
괜찮아요.,I'm OK.,大丈夫です。
옷을 옷걸이에 걸어라.,Hang clothes on a hanger.,服をハンガーにかけなさい。
많은 중학생들이 담배를 피우나요?,Do many junior high school students smoke?,多くの中学生がタバコを吸っていますか?
이 넥타이는 니 양복이랑 잘 어울릴 거야.,I guess this tie will go with your suit.,このネクタイはお前の洋服とよく似合うだろう。
그러면 우리 금요일에 가요. ,"Well then, let's go there on Friday.",それでは私たち金曜日に行きましょう。 
아직도 나한테 화가 나 있니?,Are you still angry with me?,まだ私に怒っているの?
저는 늦게 자고 일찍 일어납니다.,I go to bed late at night and wake up early in the morning.,私は遅く寝て早く起きます。
"그 사람 며칠에 떠났는지 아세요? - 글쎄요, 며칠 전인 것 같은데요.","Do you know when he left here? - Well, I think a few days ago.",その人何日に発ったのか御存知ですか?  - さあね、数日前のようだけど。
나는 수업 태도가 좋지 않았어요.,I had a bad attitude in class.,私は授業態度が良くなかったです。
이 새로 산 치마 어때? ,What do you think of my new skirt?,この新らしく買ったスカートどう? 
나 지금 정말 피곤해.,I'm really tired now.,私今本当に疲れてる。
찌개는 식으면 맛이 없어.,Stew doesn't taste good when it is cold.,チゲは冷えたらまずくなる。
그 선수는 수건으로 얼굴의 땀을 닦았다.,The player wiped the sweat off his face with a towel.,その選手はタオルで顔の汗をぬぐった。
오늘 날짜가 어떻게 되죠?,What's the date today? ,今日何月何日ですが?
저는 오전 9시부터 오후 6시까지 일해요.,I work from 9 a.m. to 6 p.m.,私は午前 9時から午後 6時まで働きます。
그게 바로 아빠가 사랑을 표현하는 방식이에요.,That's the way my dad expresses his love.,それがまさにお父さんが愛を表現する方式ですよ。
같이 합시다.,Let's do it together.,一緒にしましょう。
인터넷에서 영화를 볼 때 어떤 사이트를 이용하세요?,What sites are you using to watch movies on the internet?,インターネットで映画を見る時どんなサイトを利用しますか?
라디오를 켜라.,Turn the radio on.,ラジオをつけなさい。
틀린 번호로 거셨어요.,You dialed the wrong number.,間違った番号にかけました。
비행기는 5분 후에 이륙할 예정입니다.,The plane will take off in 5 minutes.,飛行機は 5分後に離陸する予定です。
자꾸 물어보지 마.,Don't ask me over and over again.,しきりに訊くな。
그만 울어라.,Stop crying.,泣きやみなさい。
저곳은 항상 사람들이 많아.,That place is always crowded with people.,あそこはいつも人が多い。
한강은 한국에서 가장 큰 강이다.,The Han river is the biggest river in Korea.,漢江は韓国で一番大きい川だ。
이 책 니 거야?,Is this book yours?,この本お前のか?
그 사람 아마 늦을 거야. 새벽 네 시까지 깨어있었거든.,He is probably late. He was up until 4 a.m.,その人多分遅れるだろう。朝の４時まで起きてたから。
긴 방학 후에 학교생활에 적응하기 힘들다.,"After a long vacation, I can't get used to school life.",長い休み後に学校生活に適応するのは骨が折れる。
점심은 제가 살게요.,Lunch is on me.,お昼は私が出しますよ。
이번 수학 시험은 지난번보다 더 어려웠어.,This math test was more difficult than the last one.,今回の数学試験はこの前よりもっと難しかったの。
엄마는 그 산을 손가락으로 가리켰다.,My mother pointed out the mountain with her finger.,母はその山を指で示した。
책상 위에 두세요.,Put it on the desk.,机の上に置いてください。
우리 아이들은 목욕하는 걸 좋아해.,My kids like taking a bath.,うちの子供達は風呂に入るのを好む。
그는 맨손으로 사과를 둘로 나누었다.,He split the apple into two with his bare hands.,彼は素手でりんごをふたつに分けた。
어제는 등산하기에 좋은 날씨였다.,Yesterday's weather was good for climbing.,昨日は山登るのに良い天気だった。
팔을 못 움직이겠어요.,I can't move my arm now.,腕を動かす事ができません。
그가 올까?,Will he come?,彼が来るだろうか?
누군가가 내 발을 밟았다.,Somebody stepped on my foot.,誰かが私の足を踏んだ。
나는 고통을 참을 수 없었다.,I couldn’t endure the pain.,私は苦痛に耐えることができなかった。
수업은 오전 8시에 시작한다.,The class begins at 8 a.m.,授業は午前8時に始める。
"한국 사람은 보통 숟가락으로 밥을 먹고, 젓가락으로 반찬을 먹어요.",Usually Koreans use spoons for rice and chopsticks for side dishes.,"韓国人は普通さじでご飯を食べて, 御箸でおかずを食べます。"
한국의 전통적인 놀이에는 뭐가 있나요? ,What traditional Korean games are there?,韓国の伝統的な遊びには何があるんですか? 
더 할 말 있으세요?,Do you have anything more to say?,もっと他に言う事ありますか?
얘가 내 남동생이야.,This is my younger brother.,この子が私の弟だ。
배가 고파서 배에서 소리가 나요.,I am so hungry that my stomach is growling.,お腹がすいてお腹から音がします。
극장 가고 싶어.,I want to go to the movie theater.,映画館行きたい。
내 목소리 잘 들려요?,Can you hear me well?,私の声よく聞こえますか?
정말 맛있네요!,How delicious!,本当においしいですね!
내 인생 최고의 날이었어.,It was the best day of my life.,私の人生で最高の日だったの。
여기 자리 있나요?,Is this seat taken?,ここ席取ってますか?
나는 아침에 늦게 일어난다. 왜냐하면 할 일이 없기 때문이다.,I wake up late in the morning because I have nothing to do.,私は朝に遅く起きる。 何故ならすべきことがないからだ。
북쪽으로 걸어가.,Just walk toward the north. ,北の方に歩いて行け。
당신은 정말 아름다워요.,You are so beautiful. ,あなたは本当に美しいです。
토익 시험에서 900점 이상을 받아야 한다.,I have to score over 900 on the TOEIC exam.,TOEIC試験で900点以上を取らなければならない。
바람이 남쪽에서 북쪽으로 불고 있어요.,The wind is blowing from the south to the north.,風が南側から北に吹いています。
오랜만이네! 그동안 어떻게 지냈어? ,Long time no see! How have you been?,久しぶりだね! その間どうしていたの? 
일반적으로 여성이 남성에 비해 오래 산다.,"Generally speaking, a woman will live longer than a man.",一般的に女性が男性に比べて長生きする。
나는 동생과 사이가 안 좋아요.,I am not on good terms with my younger brother(sister).,私は弟(妹)と仲が良くありません。
이전 여자친구가 어젯밤 꿈에 나타났다.,My ex-girlfriend appeared in my dream last night.,昔のガールフレンドが昨晩夢に現われた。
오늘은 쉬는 날이야.,Today is my day off.,今日は休日だ。
우리 형은 아버지처럼 행동해.,My older brother acts as if he were my father.,うちの兄さんはお父さんのように行動する。
올해 추석에는 휴일이 며칠이에요?,How many holidays do you have on Chusok?,今年秋夕には何日休みですか?
많이 변했네.,You've changed a lot.,だいぶ変わったな。
언제 시간 되세요?,When are you free?,いつ時間ありますか?
이따 오후에 오세요.,Come by this afternoon.,後程午後に来てください。
이 방에서 회의를 하고 싶어.,I want to have a meeting in this room.,この部屋で会議をしたい。
청바지와 운동화는 안 됩니다.,Jeans and sneakers are not allowed.,ジーパンと運動靴はだめです。
프랑스로 완전히 돌아가는 건가요? ,Are you going back to France for good?,フランスに完全に帰るんですか? 
산책하기에 좋다. 밖으로 나가자.,The weather is good for a walk. Let's go out.,散歩するのにもってこいだ。 外に出よう。
이 근처에 사니?,Do you live in this neighborhood?,この近くに住んでるの?
그 빨간색 드레스 너랑 잘 어울려.,The red dress looks good on you.,その赤いドレスお前によく似合う。
몇 층이나 올라가야 해요?,How many flights of stairs should I go up?,何階程上がらなければならないですか?
이 차 주인이세요?,Are you the owner of this car?,この車の持ち主ですか?
그녀의 말은 사실과 전혀 달라.,Her remarks are completely different from the truth.,彼女の言葉は事実と全然違う。
이제 그만 가볼게요.,I have to leave now.,そろそろ帰ります。
물과 공기가 맑은 곳이 살기 좋다.,It is good to live where the water and air are clear.,水と空気の清い所が住みよい。
컴퓨터 게임 좋아하세요? ,Do you like computer games?,コンピューターゲーム好きですか? 
나는 베토벤을 제일 좋아해. ,I like Beethoven the best.,私はベートーベンが一番好きなの。 
오늘 날씨 따뜻하네요.,It is warm today.,今日の天気暖かいですね。
어느 커플이 서로를 사랑스럽게 바라보고 있었다.,A couple was looking at each other lovingly.,あるカップルがお互いを愛しく見詰め合っていた。
차가 지나가면서 물을 튀겼다.,A car drove by and splashed water on me.,車が通り過ぎる時、水が跳ねた。
방문 목적이 무엇입니까?,What is the purpose of your visit?,訪問目的は何ですか?
세상이 지난 10년 동안 아주 많이 달라졌다.,The world has changed a lot during the last ten years.,世の中が去る十年の間非常に変わった。
메시지 남겨 주세요.,Leave a message.,メッセージ残してください。
수영장 주위를 그렇게 뛰어다니면 안 된다.,You shouldn't run around the pool like that.,プールの周りをそんな風に走り回ってはいけない。
동대문 시장에 가 보고 싶어요.,I want to go to Dongdaemun Market.,東大門市場に行って見たいです。
여기서 신용카드를 사용할 수 있나요?,Can I use this credit card here?,ここでクレジットカードを使うことができるんですか?
호주의 계절은 한국하고 정반대야.,The seasons in Australia are opposite to those in Korea.,オーストラリアの季節は韓国と正反対だ。
형과 나는 서로를 잘 모른다.,My brother and I don't know each other well.,兄さんと私はお互いの事をよく理解していない。
너는 웃을 때가 귀여워.,You're cute when you smile.,お前は笑う時が可愛い。
내 생각에는 고양이인 것 같아.,I think it is the cat.,私が思うに、猫だ。
"봐, 저 남자는 키가 2미터는 넘을 거 같아.","Look, I think that guy is over two meters tall.","見て, あの男は背が2メートルは超えそう。"
"점점 더, 젊은 사람들이 공부하려고 해외에 간다.","More and more, young people nowadays go abroad to study.",ますます多くの若い人々が勉強勉強するために海外へ行く。
점심 먹으러 나가자.,Let's go out for lunch.,お昼食べに出よう。
매운 음식도 괜찮아?,You don't mind spicy food?,辛い食べ物も大丈夫なの?
나는 가끔 맥주를 마신다.,I sometimes drink beer.,私はたまにビールを飲む。
매주 일요일 아침에 교회에 갑니다.,I go to church every Sunday morning.,毎週日曜の朝に教会へ行きます。
몇 학년이야? - 1학년이에요.,What year are you in? - I'm a freshman.,何年生なの? - 1年生です。
여기에 처음 왔을 때 나는 이곳 문화에 익숙하지 않았다.,I was not familiar with the culture here in the first time I came here.,ここに初めて来た時私はこちらの文化に慣れていなかった。
아마 이를 빼야 할 거야.,Maybe you have to have a tooth pulled out.,多分歯を抜かなければならないだろう。
방에서 나오지 마.,Don't come out of your room.,部屋から出るな。
한국에는 군인이 몇 명이나 있습니까?,How many soldiers are there in Korea?,韓国には軍人が何人いますか?
잘 찾아봐라.,Search thoroughly.,よく探してごらん。
"오늘 약간 춥다, 그지?","It's a little chilly today, isn't it? ",今日少し寒いね?
벽에 그림이 걸려 있다.,A picture is hanging on the wall.,壁に絵がかかっている。
조심해서 계단을 내려가라.,Go down the stairs carefully.,気を付けて階段をおりなさい。
여기 메뉴가 있습니다.,Here's the menu.,ここにメニューがあります。
나 지금 가봐야 해. 내 아들이 집에 혼자 있어.,I have to go now. My son is home alone.,私今行かなきゃ。 私の息子が家に一人でいるの。
휴지로 코를 풀어라.,Blow your nose with a piece of tissue.,ティッシュで鼻をかみなさい。
제가 개인적으로 책임을 지겠습니다. ,I'll take personal responsibility for it.,私が個人的に責任を負います。 
"그는 읽고 쓰지 못하지만, 큰 회사의 사장이다.","Although he can't read or write, he is the president of a big company.","彼は読み書きできないが, 大きい会社の社長だ。"
축하합니다!,Congratulations!,おめでとうございます!
그 사람 전혀 다른 사람 같더라고.,He seemed to be a completely different person.,その人全く違う人みたいだった。
해는 동쪽에서 떠서 서쪽으로 진다.,The sun rises in the east and sets in the west.,太陽は東から上がって西に沈む。
한 시간 후에 수업이 있어요.,I have class in an hour.,一時間後に授業があります。
걸어갈래요? 아니면 차로 갈래요? ,Would you like to go on foot or by car?,"歩いて行きますか,それとも車で行きますか? "
남녀관계는 아무도 모른다.,No one can know the relationship between a man and a woman.,男女関係は誰も分からない。
어디로 소풍 가고 싶어?,Where would you like to go for a picnic?,遠足どこに行きたい?
그 옷 너랑 잘 어울리네.,The dress suits you well.,その服お前とよく似合うね。
날씨 어때?,How is the weather? ,天気どう?
내일은 월요일이야.,Tomorrow is Monday. ,明日は月曜日だ。
우리는 그냥 친구일까? 아니면 연인일까?,Are we just friends? Or lovers?,私たちは只の友達だろうか? それとも恋人だろうか?
내가 본 것 중 최고였어. ,It was the best I've ever seen.,私が見たのの中で最高だったの。 
이 신발은 손님을 5센티미터 커 보이게 만들 겁니다.,"Those shoes make you look 5 centimeters taller, sir.",この靴はお客さんの背を5センチメートル高く見せます。
미국 사람들은 젓가락 대신 포크를 사용한다.,Americans use forks instead of chopsticks.,アメリカ人々は御箸代わりにフォークを使う。
그 가게는 여러 가지 물건을 팔아.,They sell various kinds of things at the shop.,その店はさまざまな品物を売っている。
당신이 돈 벌면 내가 아이 볼게. ,I'll take care of the children if you make money.,あなたがお金を稼ぐなら私が子供を見るわ。 
수건 가져왔니?,Did you bring towels?,タオル持って来たの?
나는 신문에서 스포츠 부분만 읽는다.,I only read the sports section in the newspaper.,私は新聞でスポーツ部分だけ読む。
그녀는 선생님이 되기 위해 일을 그만두었다.,She quit the job to become a teacher.,彼女は先生になるために仕事をやめた。
"저 부부는 취미가 비슷해요, 자는 거요.","The married couple has a similar hobby, sleeping.","あの夫婦は趣味が似ています, 寝る事です。"
사장님은 휴일에도 일을 시킨다.,The CEO makes me work on holidays.,社長は休日にも仕事をさせる。
거기 가운데 앉아라.,"Sit there, in the middle.",その真ん中に座りなさい。
사전은 대출이 안 됩니다.,You can't check out the dictionary.,辞書は貸し出し出来ません。
꼭 갈게.,I'll be there for sure.,必ず行く。
답안지를 내세요.,Hand in your answer sheet.,答案紙を出してください。
이 방이 깨끗하다고 생각해?,Do you think this room is clean?,この部屋がきれいだと思うの?
일 년 동안 영국에서 살 거예요.,I'll be living in England for a year.,一年の間イギリスで住むつもりです。
들어가지 마시오!,Do not enter!,入らないでください!
저 식당은 냉면으로 유명해.,That restaurant is famous for naengmyeon.,あの食堂は冷麺で有名なの。
학생 할인이 됩니까?,Do you have discounts for students?,学生割引になりますか?
나 그런 질문 싫어하는 거 알잖아. ,You know I hate that question.,私そういう質問嫌いなの分かってるでしょ。 
내 친구 녀석이 화가 나 내 얼굴을 쳤다.,My friend was so angry that he hit me in the face.,僕の友達のやつがカッとなって僕の顔を叩いた。
내 스웨터랑 어울리는 바지를 찾았다.,I found a nice pair of pants to match my sweater.,私のセーターに似合うズボンを探した。
저는 양의 해에 태어났어요.,I was born in the year of the sheep.,私は羊年に生まれたんです。
나는 밸런타인데이 선물을 직접 만들려고 생각 중이야.,I am thinking about making a Valentine's day present myself.,私はバレンタインデーのプレゼントを直接作ろうと思っているところ。
한국의 약국에서는 약만 팔아요.,Korean drugstores only sell medicine.,韓国の薬局では薬しか売ってません。
몹시 잠이 와.,I feel so sleepy.,無性に眠たい。
남편은 점심을 먹고 이웃에 놀러갔어요.,My husband went over to our neighbor's house after lunch.,夫はお昼を食べた後隣りの家に遊びに行ったんです。
그녀는 못생겼지만 정말 친절하다.,She is ugly but very friendly.,彼女はブスだが本当に親切だ。
"그 차가 나를 쳤을 때, 나는 심한 충격을 받았다.","When the car hit me, I went into severe shock.","その車が私を跳ねた時, 私はひどい衝撃を受けた。"
"너무 배불러, 더는 못 먹겠어.","I'm so full, I can't eat any more.",お腹がいっぱいでもう食べれない。
올해 채소 값이 올랐다.,The price of vegetables rose this year.,今年野菜の値段が上がった。
저희 아들 학교생활 잘 하고 있나요? ,How is our son doing in school?,うちの息子学校生活大丈夫でしょうか? 
와인 좀 가져오세요. ,"Bring some wine, please.",ワインちょっと持って来てください。 
아직 괜찮은 것 같은데. ,These still seem to be okay.,まだいいと思うが。 
그 사람 나무 아래에 앉아 있어.,He is sitting under the tree.,その人木の下に座っている。
6명씩 그룹으로 하세요.,Work in groups of six.,6人ずつグループとして下さい。
우리 집 근처에 작은 강이 흘러요.,A small river flows near my house.,我家の近くに小さな川が流れてます。
그렇게 말하지 마.,Don't say that.,そんな風に言わないで。
어젯밤에 이상한 꿈을 꿨어.,I had a strange dream last night.,昨晩変な夢を見たの。
작별 인사를 해야 할 시간이야.,It's time for us to say goodbye.,お別れのあいさつをする時間だ。
어디 살아?,Where do you live? ,どこに住んでぃるの?
영화는 형편없었지만 경치는 멋있었어!,"The movie was stupid, but the scenery was nice!",映画は不出来だったが景色は素晴しかった!
내가 40점을 넣어서 우리 팀이 이겼어.,I scored 40 points and our team won the game.,私が40点を入れてうちのチームが勝ったの。
이 수박 자르게 칼 좀 가져와라.,Get me a knife to slice this watermelon.,このすいか切るから包丁ちょっと持って来なさい。
한국 사람들은 돼지꿈이 행운이 있다고 믿어요.,Koreans believe that dreams about pigs are the luckiest.,韓国の人々は豚の夢に幸運があると信じています。
중국에서는 물건 값이 굉장히 싸요. ,Things in China are so cheap.,中国では品物の値打ちがとても安いです。 
머리를 파란색으로 염색했더니 엄마가 나를 내쫓았다.,I dyed my hair blue and my mom kicked me out.,頭を青に染めたら母が私を追い出した。
가게들은 지하에 있습니다.,Shops are in the basement.,店街は地下にあります。
그는 치즈 김밥을 주문했다.,He ordered cheese gimbap.,彼はチーズのり巻きを注文した。
내가 샌드위치 가져갈게.,I'll bring some sandwiches.,私がサンドイッチ持って行くよ。
옆집 사는 부부 결국 이혼했어요.,The married couple next door finally got divorced.,隣に住んでる夫婦結局離婚したんです。
누구세요? - 나예요.,Who's there? - It's me.,どなたですか? - 私です。
그렇지만 당신한테 잘 어울려요. ,"It looks really good on you, though.",でもあなたによく似合います。 
정말 피곤해 보이네요. 무슨 일 있어요?,You look really tired. What's up?,本当に疲れて見えますね。 どうかされました?
전화번호 좀 알려줄래?,Can I have your phone number?,電話番号ちょっと教えてくれる?
나 이 스웨터 다시는 안 입을 거야. 늘어났어.,I won't wear this sweater again. It has stretched.,私このセーター二度と着ない。 伸びた。
저 조금 취한 것 같아요.,I think I'm a little bit drunk.,私少し酔ったようです。
바로 갈게.,I'm coming right away.,すぐに行く。
저게 뭐지?,What is that?,あれ何だろう?
"아니요, 그 애는 내 아들이 아니에요.","No, the kid is not my son.","いいえ, その子は私の息子ではありません。"
일본에 가려면 관광 비자가 필요해요.,You need a tourist visa to go to Japan.,日本へ行くには観光ビザが必要です。
오래 기다리시게 해서 죄송합니다.,I'm sorry to have kept you waiting for so long.,長くお待たせいたして申し訳ありません。
이 세탁기 고장 났어. 그거 켰어?,This washing machine doesn't work. Did you turn it on?,この洗濯機故障した。 それつけたの?
그 축구 경기는 무승부로 끝났어.,The soccer game ended in a tie.,そのサッカー競技は引き分けで終わったの。
나 지금 우체국 가는 길이야. ,I'm on the way to the post office.,私今郵便局行くところだ。 
돈 주세요.,Give me the money.,お金を払って下さい。
공책 좀 빌려줄래?,Can I borrow your notebook?,ノートちょっと貸してくれるか?
그녀는 그를 처음 만났을 때부터 그를 좋아했다고 말했다.,She said she liked him the first time she met him.,彼女は彼に初めて会った時から彼が好きだったと言った。
나는 지갑에서 돈을 꺼내는 척했어.,I pretended to take out some money from my purse.,私は財布からお金を取り出すふりをしたの。
내 여자 친구는 나보다 네 살 어린 대학생이야.,My girlfriend is an undergraduate who is four years younger than me.,僕の彼女は僕より四歳年下の大学生だ。
나는 한복이 불편해서 한복 입는 것을 별로 좋아하지 않는다.,I don't like to wear hanbok very much because it's uncomfortable.,私は韓服が不便で韓服着るのがあまり好きではない。
나는 두 문제 맞혔어.,I guessed two questions correctly.,私は二問当てた。
그들은 5학년 때 같은 반이었다.,They were in the same class in fifth grade.,彼らは5年生の時同じクラスだった。
"혜안은 요즘 밥도 못 먹고, 잠도 못 자.",Hyean can not eat or sleep these days.,"ヘアンはこのごろご飯も食べる事ができず, 寝る事もできない。"
건강한 생활의 기본은 무엇인가요?,What is the basics of a healthy life?,健康な生活の基本は何でしょうか?
앞에 사고가 난 것 같아요.,I guess an accident has happened up ahead.,前で事故が起こったようです。
내일도 날씨가 좋았으면 좋겠는데.,"I hope the weather is nice tomorrow, too. ",明日もいい天気だったら良いのに。
나는 보통 일요일 아침에는 아침도 안 먹고 늦게까지 잔다.,I usually sleep in without having breakfast on Sunday mornings.,私は普通日曜日の朝には朝ご飯も食べずに遅くまで寝る。
낚시는 제 유일한 취미예요.,Fishing is my only hobby.,釣りは私の唯一の趣味です。
시간은 당신이 정해요.,You set the time for us.,時間はあなたが決めて下さい。
이 상자 어디에 놓을까요?,Where do I put this box?,この箱どこにおきましょうか?
주머니에 손을 넣지 마라.,Don’t  put  your hand in your pocket.,ポケットに手を入れないでね。
샤워 했어?,Did you take a shower?,シャワーあびたの?
예약 확인해야 해.,You should confirm the reservation.,予約確認しなければ。
무대 옆에 서 있는 사람이 그 여자야.,That's her standing over there by the stage.,舞台の横に立っている人がその女よ。
나는 그녀에게 운전을 가르쳤다.,I taught her how to drive.,私は彼女に運転を教えた。
방금 기차를 놓쳤어.,I just missed train.,たった今汽車に乗り過ごした。
서랍 안이 아니라 책상 위에 있었어요.,"They were on top of the table, not in the drawer.",引き出しの中ではなく机の上にあったんです。
나는 쉬는 시간에 주로 소설을 읽는다.,I usually read novels in my free time.,私は休み時間に主に小説を読む。
여기에 이름을 적어주세요.,"Write down your name here, please.",ここに名前を書いてください。
한국말 할 줄 아세요? ,Can you speak Korean?,韓国語できますか? 
이번 역은 종각역입니다. 내리실 문은 왼쪽입니다 ,This stop is Jonggak. The exit doors are on your left.,今度役は鍾閣駅です。 お出口は左側です 
그 사람이 내 생일에 장미 백 송이를 보냈어.,He sent 100 roses on my birthday.,その人が私の誕生日にバラ百本を送った。
예를 들어봐.,Give me an example.,例を挙げてみろ。
어제 단어 시험을 봤어. 생각했던 것보다 쉬웠어.,I took a vocabulary test yesterday. It was easier than I thought it would be.,昨日単語試験を受けたの。 思ったより易しかった。
정확한 출발 시각은 몇 시인가요?,What time is the exact departure time?,正確な出発視覚は何時でしょうか?
고기 먹으러 가자.,Let's go have some meat.,肉料理食べに行こう。
어제 산을 내려오다 발을 삐었어요.,I sprained my ankle coming down the mountain yesterday.,昨日山を下る途中で足を捻挫したんです。
그 사람은 비디오 게임 없이는 못 살아요.,He can't live without video games.,その人はビデオゲームなしには暮らせません。
가게에서 지갑을 잃어버렸어. ,I lost my wallet in the store.,店で財布をなくしてしまったの。 
팔을 움직이려 했지만 이상하게도 움직이지 않았다.,"I tried to move my arms, but strangely they didn’t move.",腕を動かそうと思ったが不思議なことに動かなかった。
곧 갈게요.,I'll be there soon.,すぐ行きますよ。
"어제 너한테 열 번도 넘게 전화했는데, 안 받더라.","I called you yesterday more than ten times, but you didn't answer.","昨日お前に十回以上電話したが, 取らなかった。"
밖에 눈이 오나요?,Is it snowing outside?,外は雪が降っていますか?
한강은 서울시를 통과하여 흐른다.,The Han River flows through the city of Seoul.,漢江はソウル市を通過する。
인터넷에서 사는 게 가게에서 사는 것보다 더 싸.,Buying online is cheaper than buying from shops.,インターネットで買うのが店で買うよりもっと安い。
하루에 열두 시간 일하고 쉴 시간도 없어요.,I work twelve hours a day and do not have time to rest.,一日に１２時間働いて休む時間もないです。
어젯밤 피자 먹는 꿈을 꾸었다.,I had a dream about eating pizza last night.,昨晩ピザ食べる夢を見た。
나는 그와 똑같은 mp3 플레이어를 샀다.,I bought the same MP3 player as his.,私は彼とまったく同じmp3 プレーヤーを買った。
사랑이 없는 결혼은 아무런 의미가 없어. ,Marriage without love doesn't mean anything.,愛のない結婚は何の意味もない。 
그 옷은 나한테 너무 작아.,The dress is too small for me.,その服は私に小さすぎる。
이 빌딩 정말 높네!,This building is really high!,このビル本当に高いね!
얼마 만에 푸른 하늘을 보는 건가요?,How long has it been since we've seen a clear sky?,いくらぶりに青い空を見るのでしょうか?
이번 주말에 시간 있어?,Are you free this weekend?,今週末に時間ある?
이번 달에 아기를 낳을 예정이에요.,I'm expecting a baby this month.,今月中に赤んぼうを生む予定です。
3월1일은 한국에서 공휴일이다.,March 1 is a national holiday in Korea.,3月1日は韓国で祝日だ。
그들은 차에 나란히 앉았다.,They sat side by side in the car.,彼らは車に並んで座った。
그는 칭찬을 받을 만하다.,He deserves a compliment.,彼は褒められる資格がある。
어떤 샴푸 쓰세요?,What brand of shampoo do you use?,どんなシャンプー使ってますか?
놀이터에서 놀자!,Let's play at the playground.,遊び場で遊ぼう!
나는 매일 아침을 먹는다.,I have breakfast everyday.,私は毎日朝食を食べる。
잠시만. 종이하고 연필 가져올게.,Hold on. I'll get some paper and a pencil.,ちょっと待って。 紙と鉛筆持って来る。
김치찌개에는 소금이 필요하다.,Salt is necessary to cook kimchi stew.,キムチチゲには塩が必要だ。
토마토는 과일입니까? 아니면 채소입니까?,Is the tomato a fruit or a vegetable?,トマトは果物ですか? それとも野菜ですか?
이분이 우리 영어 선생님이세요.,This is my English teacher.,こちらが私の英語の先生です。
우리는 밤새 춤추고 노래했다.,We sang and danced  all night long.,私たちは一晩中歌って踊った。
여기 분위기가 마음에 들어요.,I like the atmosphere here.,ここの雰囲気が気に入りました。
피아노를 잘 치신다고 들었어요. ,I heard you play the piano very well.,ピアノがお上手だと聞きました。 
여자친구와 쇼핑가는 건 정말 힘들어.,It's hard for me to go shopping with my girlfriend.,ガールフレンドとショッピング行くのは本当に疲れる。
"실례지만, 한국 호텔이 어딘지 아세요?","Excuse me, can you tell me where the Hotel Hanguk is?","失礼ですが, 韓国ホテルがどこかご存じですか?"
나를 잊지 않겠다고 약속해.,Promise you won't forget me.,私を忘れないと約束して。
혜안씨 좀 바꿔주세요.,Can I speak to Ms. Hyean?,へアンさんにちょっと換わってください。
니 칫솔을 썼더니 기분이 이상해.,I feel weird because I used your toothbrush.,お前の歯ブラシを使ったら変な気分になった。
이 방에 들어올 때는 슬리퍼를 신으세요.,Put on slippers when you come into this room.,この部屋に入って来る時はスリッパをはいてください。
어쩌다 다치셨어요?,How did you get hurt?,どの様にけがをしましたか?
제 생각은 이렇습니다.,My opinion is this.,私の考えはこうです。
라면 한 그릇 어때?,How about a bowl of ramen?,ラーメン一杯どう?
와! 너희 집에 수영장이 있다며? ,Wow! I heard you have a swimming pool at your house.,わ! 君たちの家にプールがあるって? 
"차례를 지키면, 곧 니 차례가 올 거야.","If you keep in order, it will soon be your turn.","順番を守れば, お前の番がすぐ来る。"
마실 것 좀 드릴까요?,Can I get you something to drink?,飲み物差し上げましょうか?
새 소리를 듣는 거 좋아해요.,I love to hear birds sing.,鳥の音を聞くの好きです。
저는 시골에서 자랐어요.,I grew up in the countryside.,私は田舍で育ったんです。
더 이상 못 먹겠어.,I can't eat anymore.,これ以上食べれない。
저 쓰레기 좀 버려줄래?,Could you throw out the garbage?,あのごみちょっと捨ててくれる?
몇 가지 좋은 소식이 있어요. ,I have some good news for you.,いくつか良い知らせがあります。 
니 여동생은 몇 살이니? ,How old is your younger sister?,君の妹さんは何歳なの? 
신호가 녹색으로 바뀌었어.,The lights changed to green.,信号が青に変わったの。
겨울에는 낮보다 밤이 길다.,"In the winter, night is longer than day.",冬には昼より夜が長い。
영어 교과서 10페이지를 펴세요.,Open your English textbook to page 10.,英語の教科書の10ページをあけてください。
나는 그녀의 갑작스러운 죽음에 놀랐다.,I was surprised by her sudden death.,私は彼女の急な死に驚いた。
요즘은 취직하기가 너무 힘들어. ,It's so hard to get a job these days.,このごろは就職するのがとても大変なの。 
안녕히 계세요.,Goodbye.,さようなら。
이 식당은 음식을 정말 잘 해.,They serve really nice food in that restaurant.,この食堂は料理が本当に上手なの。
한국은 늘 덥나요?,Is it always hot in Korea?,韓国は常に暑いんですか?
내 말 무슨 뜻인지 알겠어?,Do you know what I mean?,私の言ってる事の意味分かる?
"우리 애가 벌써 커서, 이 옷이 맞지 않을 정도로 커졌다.","My child has grown up, so he is too big for these clothes.","うちの子がもう成長して, この服が合わないほどに大きくなった。"
모자를 쓰고 있나요?,Is she wearing a cap?,帽子をかぶっているんですか?
불고기는 외국인들에게 인기가 있어요.,Bulgogi is popular with foreigners.,焼肉は外国人に人気があります。
집까지 태워다 줄게. ,I'll drive you home.,家まで乗せてってあげる。 
이번에 중국 처음 가는 거니? ,Is it your first trip to China?,今回中国初めて? 
그 사람은 쌀과 보리도 구별 못 한다.,He can't tell rice from barley.,その人は米と麦も区別できない。
전에 여기 있던 가게가 없어졌어.,The store that was here before is now gone.,前にここにあった店が無くなったの。
겨울이 가고 봄이 오고 있다.,Winter is gone and spring is arriving.,冬が終わり春が来ている。
저희는 아이가 하나 있습니다.,We only have one child.,私達には子供が一人います。
피곤해 보이는데 잠시 쉬지 그래?,You look tired. Why don't you rest for a while?,疲れたように見えるけどしばらく休んだら?
말하고 글 중에 어느 것이 더 중요한가요?,Which one is more important between speaking and writing?,言葉と文章のうちどちらがより重要でしょうか?
계속 코피가 나요.,My nose bleeds continuously.,ずっと鼻血が出ます。
왜 낮에는 별을 볼 수가 없지?,Why can't we see the stars during the day?,どうして昼には星が見えないんでしょう?
선생님은 학생들이 떠나자 기쁨의 눈물을 흘리셨다.,The teacher cried tears of joy after the students left.,先生は学生たちが去ると喜びの涙を流した。
닭이 먼저예요? 달걀이 먼저예요?,"Which came first, the chicken or the egg?",ニワトリが先ですか? たまごが先ですか?
이때까지 나는 여자 친구를 한 번도 사귀어 본 적이 없다.,"To this day, I have never had a girlfriend.",今まで私はガールフレンドと一回も付き合った事がない。
시간이랑 장소는 정했어?,Have you decided on the time and the place?,時間と場所は決めたの?
그 사람 정말 좋은 사람 같아요.,I think he is a really nice person.,その人本当に良い人みたいです。
큰 가방 두 개하고 작은 것 한 개요.,Two big suitcases and a small one.,大きいかばん二つと小さなの一つです。
한국 시간에 시계 맞췄어?,Did you adjust the clock to Korean time?,韓国時間に時計合わせたの?
오늘 밤 텔레비전에서 뭐 해?,What's on television tonight?,今夜テレビで何やる?
그 모임 참석할 거야?,Will you attend the meeting?,その集まり参加するつもり?
그런데 넌 뭐 하러 온 거야?,"By the way, what brings you here?",ところでお前は何をしに来たのか?
"이번에 약속 어기면, 너 다시는 안 볼 거야.","If you break your promise this time, I'll never see you again.","今度約束破れば, お前と二度と会わないから。"
슬퍼서 우는 게 아니라 기뻐서 우는 거예요.,"I am crying not because I'm sad, but because I'm happy. ",悲しくて泣いているのではなく嬉しくて泣いているんです。
그는 할 수 있는 한 멀리 공을 던졌다.,He threw the ball as far as he could.,彼はできる限り遠く球を投げた。
"그는 17살이지만, 아저씨처럼 보인다.","Even though he is seventeen, he looks like a middle-aged man. ","彼は 17才だが, 中年のおじさんのように見える。"
길을 잃으신 것 같군요.,You seem to be lost.,道に迷ったようですね。
잡지에서 우연히 본 거야.,I came across it in a magazine.,雑誌で偶然に見たのだ。
이 땅 누구 거야?,Who does this land belong to?,この土地は誰のものか?
그 은행은 저 건물 옆에 있어요.,The bank is next to the building.,その銀行はあの建物の横にあります。
손님은 왕이다.,The customer is always right.,お客さんは神様だ。
침대 옆 탁자 위에 있어요.,It is on the table next to the bed.,ベッドのそばのテーブルの上にあります。
요즘에는 핸드폰 없는 사람이 없다.,Nowadays there is no one who does not have a cell phone.,このごろには携帯電話のない人がいない。
나는 어렸을 때는 간호사가 되고 싶었어.,I wanted to be a nurse when I was younger.,私は幼い頃は看護婦になりたかったの。
스키를 가장 좋아해요.,I like skiing the most.,スキーが一番好きです。
나 여기 서점에 있어. ,"I'm over here, in the bookstore.",私ここの書店にいる。 
이 단어 뜻 알아?,Do you know this word's meaning?,この単語意味分かる?
제가 나이보다 어려보인다는 소리 많이 들어요.,I've heard many times that I look younger than my age.,私は年より幼く見えるとよく言われます。
그날 밤 너는 뭘 하고 있었어?,What were you doing that night?,その晩お前は何をしていたの?
여보세요? 혜안이 있어요?,Hello? Can I speak to Hyean?,もしもし? へアンいますか?
산은 내려오는 것이 더 어렵다.,It is more difficult to come down the mountain.,山は降りるのがもっと難しい。
책은 몇 권이나 내셨어요? ,How many books have you published?,本は何冊出しましたか? 
자장면은 정말 인기 있는 중국 음식이야. ,Jajangmyeon is a very popular Chinese dish.,チャジャン麺は本当に人気のある中華料理だ。 
박쥐들은 낮에 잠을 잔다.,Bats sleep during the day.,コウモリは昼に眠る。
안경 쓰고 있는 저 여자애 말이야?,You mean the girl who wears glasses?,めがねをかけているあの女の子?
"한국인들은 성을 앞에, 이름을 그 다음에 쓴다.",Koreans write their surname first and then their given name.,"韓国人は姓を前に, 名前をその次に書く。"
내 컴퓨터는 새 거야.,My computer is new.,私のコンピューターは新しい。
불을 끄고 라디오를 켜라.,Turn off the light and turn on the radio.,電気を消してラジオをつけなさい。
크리스마스에 뭐 갖고 싶어?,What would you like to have for Christmas?,クリスマスになんかほしい?
내 시계는 5분 늦다.,My watch is 5 minutes behind.,私の時計は 5分遅れている。
책 빌려줘서 고마워.,Thank you for lending me the book.,本貸してくれありがとう。
늦어서 5점이 깎였다.,I got five points taken off for being late.,遅刻して5点が削られた。
저를 아세요?,Do I know you?,私をご存知ですか?
예정대로 도착해?,Are you going to arrive on schedule?,予定通り到着する?
맘에 들어? 가격은 어때?,Do you like it? What's the price?,気に入った? 価格はどう?
아무도 밸런타인데이에 나한테 초콜릿을 안 줬어.,Nobody gave me chocolate on Valentine's day.,誰もバレンタインデーに僕にチョコレートをくれなかった。
누나는 엄마랑 닮았다.,My older sister looks like my mom.,姉は母と似ている。
콘서트가 시작되고 뮤지션이 연주를 시작했다.,The concert started and the musician began to play.,コンサートが始まってミュージシャンが演奏を始めた。
그들은 다양한 서비스를 제공한다.,They offer various services.,彼らは多様なサービスを提供する。
거짓말이 아니에요.,I'm not telling a lie.,嘘ではありません。
